run,seconds
0,0.017315
0,0.022254
0,0.029754
0,0.026966
0,0.023266
0,0.019700
0,0.025069
0,0.019171
0,0.016126
0,0.017861
0,0.018205
0,0.021185
0,0.017578
0,0.018881
0,0.016277
0,0.020903
0,0.023048
0,0.019951
0,0.022910
0,0.021250
0,0.029385
0,0.023500
0,0.021730
0,0.018251
0,0.016689
0,0.020187
0,0.021569
0,0.019737
0,0.019822
0,0.028017
0,0.025956
0,0.017917
0,0.022311
0,0.017826
0,0.019899
0,0.018795
0,0.017113
0,0.020113
0,0.018957
0,0.018853
0,0.029061
0,0.019789
0,0.020926
0,0.015417
0,0.016998
0,0.021809
0,0.018321
0,0.019963
0,0.021956
0,0.027109
0,0.023501
0,0.021438
0,0.018865
0,0.016774
0,0.018874
0,0.020298
0,0.019609
0,0.027160
0,0.021474
0,0.030109
0,0.018636
0,0.023709
0,0.017011
0,0.019986
0,0.022020
0,0.017989
0,0.016196
0,0.021246
0,0.028953
0,0.020865
0,0.018926
0,0.020805
0,0.016486
0,0.020986
0,0.024178
0,0.016847
0,0.023833
0,0.025004
0,0.031429
0,0.018699
0,0.020015
0,0.017774
0,0.018202
0,0.021113
0,0.017996
0,0.019717
0,0.017900
0,0.018191
0,0.020589
0,0.017620
0,0.020538
0,0.020153
0,0.019240
0,0.020783
0,0.021437
0,0.020489
0,0.020999
0,0.017990
0,0.028625
0,0.019615
0,0.017648
0,0.018913
0,0.020624
0,0.024726
0,0.022167
0,0.022325
0,0.020660
0,0.021335
0,0.020132
0,0.016092
0,0.017002
0,0.019841
0,0.028668
0,0.026201
0,0.019418
0,0.021044
0,0.027098
0,0.022945
0,0.019534
0,0.016048
0,0.019093
0,0.018626
0,0.019332
0,0.019260
0,0.018190
0,0.021060
0,0.018709
0,0.019041
0,0.018029
0,0.017469
0,0.017461
0,0.019448
0,0.021935
0,0.020955
0,0.019444
0,0.019942
0,0.020773
0,0.028455
0,0.019282
0,0.019848
0,0.018950
0,0.019265
0,0.020568
0,0.020279
0,0.031320
0,0.019921
0,0.020631
0,0.020836
0,0.020487
0,0.016700
0,0.019984
0,0.025309
0,0.025263
0,0.021346
0,0.018823
0,0.023463
0,0.026545
0,0.020509
0,0.018078
0,0.023716
0,0.020166
0,0.019821
0,0.025547
0,0.021848
0,0.023044
0,0.019156
0,0.020822
0,0.017211
0,0.017984
0,0.019449
0,0.019351
0,0.023781
0,0.026677
0,0.022309
0,0.028649
0,0.021684
0,0.018876
0,0.015725
0,0.018336
0,0.020744
0,0.017612
0,0.020579
0,0.016986
0,0.018686
0,0.020266
0,0.017682
0,0.018732
0,0.018403
0,0.016890
0,0.022310
0,0.020434
0,0.023011
0,0.023692
0,0.021625
0,0.022009
0,0.025717
0,0.019309
0,0.020074
0,0.017662
0,0.022606
0,0.015927
0,0.016985
0,0.023812
0,0.028162
0,0.024494
0,0.017199
0,0.017698
0,0.016614
0,0.018007
0,0.021750
0,0.019018
0,0.016528
0,0.018354
0,0.018710
0,0.020246
0,0.026885
0,0.016375
0,0.021551
0,0.018196
0,0.023211
0,0.022047
0,0.024583
0,0.022589
0,0.021118
0,0.016497
0,0.016947
0,0.017810
0,0.021052
0,0.017466
0,0.021678
0,0.024705
0,0.025855
0,0.020423
0,0.019769
0,0.024221
0,0.019949
0,0.018587
0,0.018723
0,0.021128
0,0.017843
0,0.017490
0,0.017102
0,0.019410
0,0.019316
0,0.020256
0,0.020294
0,0.017347
0,0.020615
0,0.021236
0,0.022088
0,0.021050
0,0.023738
0,0.023915
0,0.021348
0,0.032906
0,0.018648
0,0.016947
0,0.022938
0,0.017181
0,0.017348
0,0.016796
0,0.018945
0,0.029708
0,0.026471
0,0.023908
0,0.020943
0,0.016984
0,0.019101
0,0.019470
0,0.018631
0,0.018942
0,0.019812
0,0.019963
0,0.026291
0,0.016545
0,0.019509
0,0.020452
0,0.018595
0,0.018690
0,0.020727
0,0.019735
0,0.022482
0,0.027240
0,0.022461
0,0.020474
0,0.018027
0,0.024716
0,0.016980
0,0.017625
0,0.016833
0,0.018548
0,0.020145
0,0.029264
0,0.026017
0,0.019827
0,0.018834
0,0.021743
0,0.019507
0,0.018766
0,0.019959
0,0.028260
0,0.020681
0,0.019925
0,0.018527
0,0.015746
0,0.023079
0,0.026371
0,0.020508
0,0.016829
0,0.016959
0,0.019445
0,0.017901
0,0.025122
0,0.020681
0,0.018819
0,0.021140
0,0.018239
0,0.017207
0,0.020392
0,0.016405
0,0.017797
0,0.022643
0,0.018296
0,0.020020
0,0.017697
0,0.017384
0,0.023174
0,0.018113
0,0.018460
0,0.019069
0,0.016838
0,0.019511
0,0.017892
0,0.026882
0,0.020087
0,0.017801
0,0.024867
0,0.018354
0,0.016968
0,0.018821
0,0.018830
0,0.017282
0,0.019628
0,0.017406
0,0.017007
0,0.025501
0,0.018264
0,0.022232
0,0.017825
0,0.017950
0,0.020626
0,0.017030
0,0.020170
0,0.024144
0,0.017969
0,0.018472
0,0.017477
0,0.019884
0,0.018092
0,0.020997
0,0.018529
0,0.018292
0,0.020244
0,0.020053
0,0.016448
0,0.019222
0,0.017452
0,0.019995
0,0.018788
0,0.017245
0,0.017086
0,0.021321
0,0.026754
0,0.030858
0,0.022339
0,0.022748
0,0.018695
0,0.018134
0,0.017378
0,0.016970
0,0.015875
0,0.018403
0,0.018040
0,0.024202
0,0.028217
0,0.023334
0,0.016519
0,0.019605
0,0.019275
0,0.017492
0,0.023050
0,0.017023
0,0.019940
0,0.027402
0,0.018197
0,0.022205
0,0.018727
0,0.020349
0,0.018224
0,0.016746
0,0.017222
0,0.021937
0,0.021937
0,0.024590
0,0.023067
0,0.023205
0,0.022737
0,0.016391
0,0.017965
0,0.017006
0,0.016041
0,0.018265
0,0.021013
0,0.025835
0,0.026079
0,0.027098
0,0.020297
0,0.017186
0,0.018286
0,0.018657
0,0.017236
0,0.020589
0,0.017305
0,0.019615
0,0.018322
0,0.019826
0,0.018427
0,0.020011
0,0.019814
0,0.019117
0,0.015588
0,0.021488
0,0.023315
0,0.030833
0,0.026640
0,0.022131
0,0.017768
0,0.016628
0,0.017805
0,0.015950
0,0.016861
0,0.019125
0,0.022009
0,0.024621
0,0.024072
0,0.022162
0,0.023043
0,0.015617
0,0.018803
0,0.019215
0,0.018942
0,0.020998
0,0.021689
0,0.019770
0,0.018700
0,0.019881
0,0.021464
0,0.017889
0,0.021131
0,0.018193
0,0.018564
0,0.020302
0,0.016465
0,0.018287
0,0.019693
0,0.025673
0,0.024997
0,0.021550
0,0.020127
0,0.016680
0,0.018972
0,0.020339
0,0.022624
0,0.021119
0,0.017392
0,0.021154
0,0.026573
0,0.023166
0,0.019994
0,0.016822
0,0.017383
0,0.019441
0,0.016949
0,0.017053
0,0.017563
0,0.016844
0,0.022057
0,0.016948
0,0.016896
0,0.019736
0,0.016954
0,0.019387
0,0.019557
0,0.017374
0,0.035740
0,0.029247
0,0.037997
0,0.025132
0,0.021879
0,0.021710
0,0.034931
0,0.022073
0,0.029529
0,0.035809
0,0.029518
0,0.024304
0,0.024437
0,0.022585
0,0.024907
0,0.027274
0,0.025807
0,0.022508
0,0.024181
0,0.023060
0,0.022424
0,0.022584
0,0.022112
0,0.033093
0,0.025205
0,0.022789
0,0.022113
0,0.042793
0,0.034017
0,0.033452
0,0.037850
0,0.027019
0,0.027110
0,0.023620
0,0.035318
0,0.031568
0,0.024032
0,0.027372
0,0.023894
0,0.032722
0,0.029720
0,0.028884
0,0.020910
0,0.023361
0,0.044093
0,0.023007
0,0.021526
0,0.024042
0,0.055048
0,0.029137
0,0.030225
0,0.026281
0,0.024309
0,0.029915
0,0.029286
0,0.027591
0,0.032154
0,0.030213
0,0.030446
0,0.027204
0,0.023031
0,0.028221
0,0.025666
0,0.045246
0,0.030309
0,0.034570
0,0.030537
0,0.025116
0,0.027359
0,0.028347
0,0.046289
0,0.027752
0,0.028702
0,0.028832
0,0.035028
0,0.032020
0,0.029595
0,0.029246
0,0.037928
0,0.030517
0,0.024333
0,0.030344
0,0.033225
0,0.040280
0,0.026340
0,0.043065
0,0.030373
0,0.030912
0,0.021489
0,0.034149
0,0.035333
0,0.032215
0,0.032530
0,0.031199
0,0.028860
0,0.041204
0,0.032473
0,0.025830
0,0.047385
0,0.029152
0,0.027591
0,0.025573
0,0.030275
0,0.030035
0,0.028492
0,0.037391
0,0.030684
0,0.033906
0,0.042079
0,0.033994
0,0.031348
0,0.030247
0,0.028534
0,0.024707
0,0.035163
0,0.037612
0,0.035647
0,0.027579
0,0.029952
0,0.028693
0,0.031412
0,0.035585
0,0.030739
0,0.030370
0,0.040638
0,0.030023
0,0.026273
0,0.031685
0,0.025902
0,0.031128
0,0.029656
0,0.029231
0,0.026686
0,0.028050
0,0.040284
0,0.021089
0,0.026618
0,0.023302
0,0.030658
0,0.024625
0,0.024508
0,0.026739
0,0.030269
0,0.032816
0,0.029390
0,0.025878
0,0.027988
0,0.027768
0,0.031199
0,0.023437
0,0.028248
0,0.025237
0,0.021266
0,0.031837
0,0.033959
0,0.025983
0,0.025067
0,0.022635
0,0.025558
0,0.023612
0,0.023990
0,0.022523
0,0.024653
0,0.025553
0,0.032650
0,0.019430
0,0.026190
0,0.019929
0,0.028384
0,0.030073
0,0.023181
0,0.026391
0,0.028146
0,0.021539
0,0.021135
0,0.019348
0,0.017159
0,0.019077
0,0.020887
0,0.016087
0,0.020621
0,0.036409
0,0.027602
0,0.020775
0,0.019083
0,0.019610
0,0.020245
0,0.017447
0,0.017236
0,0.019847
0,0.027120
0,0.023087
0,0.021824
0,0.020976
0,0.021194
0,0.017537
0,0.019866
0,0.018410
0,0.017556
0,0.017630
0,0.027504
0,0.024349
0,0.021405
0,0.020424
0,0.018431
0,0.018802
0,0.019358
0,0.021493
0,0.022906
0,0.025125
0,0.021778
0,0.018361
0,0.016674
0,0.016870
0,0.018354
0,0.020571
0,0.020449
0,0.017882
0,0.018156
0,0.031232
0,0.028245
0,0.022022
0,0.018025
0,0.017538
0,0.018977
0,0.019683
0,0.019551
0,0.020211
0,0.017960
0,0.018285
0,0.020185
0,0.017616
0,0.020951
0,0.015970
0,0.017205
0,0.019701
0,0.018682
0,0.018540
0,0.016825
0,0.017254
0,0.027159
0,0.024145
0,0.024728
0,0.017068
0,0.017521
0,0.023786
0,0.017890
0,0.019074
0,0.019228
0,0.019268
0,0.021380
0,0.019883
0,0.018185
0,0.018466
0,0.019513
0,0.019579
0,0.024997
0,0.024214
0,0.021166
0,0.028800
0,0.025338
0,0.017346
0,0.017846
0,0.015754
0,0.019381
0,0.024875
0,0.025948
0,0.024128
0,0.017622
0,0.021904
0,0.017035
0,0.018058
0,0.018703
0,0.017067
0,0.018802
0,0.020577
0,0.021676
0,0.020419
0,0.018149
0,0.027197
0,0.024066
0,0.019886
0,0.018277
0,0.016852
0,0.018400
0,0.020652
0,0.018094
0,0.020891
0,0.017960
0,0.028239
0,0.021986
0,0.021083
0,0.020079
0,0.017054
0,0.022436
0,0.017282
0,0.016128
0,0.017921
0,0.017537
0,0.026702
0,0.023388
0,0.029395
0,0.025005
0,0.020912
0,0.017784
0,0.016794
0,0.018347
0,0.019762
0,0.018963
0,0.018367
0,0.016686
0,0.017128
0,0.022899
0,0.017447
0,0.019040
0,0.019145
0,0.023818
0,0.019160
0,0.019297
0,0.028410
0,0.020283
0,0.018518
0,0.020308
0,0.025001
0,0.025582
0,0.020152
0,0.017165
0,0.019851
0,0.021756
0,0.015609
0,0.019374
0,0.017654
0,0.018321
0,0.020370
0,0.025667
0,0.024622
0,0.020903
0,0.019973
0,0.027873
0,0.020540
0,0.016473
0,0.016795
0,0.021122
0,0.020215
0,0.019384
0,0.018691
0,0.023214
0,0.023764
0,0.019029
0,0.020978
0,0.023700
0,0.024329
0,0.023794
0,0.020504
0,0.018175
0,0.017479
0,0.019657
0,0.026671
0,0.017754
0,0.018955
0,0.023808
0,0.026281
0,0.022978
0,0.018350
0,0.019157
0,0.016062
0,0.021798
0,0.020415
0,0.016103
0,0.018946
0,0.018906
0,0.019979
0,0.020274
0,0.022177
0,0.021499
0,0.019686
0,0.031019
0,0.023198
0,0.019200
0,0.018936
0,0.016450
0,0.020503
0,0.021006
0,0.026658
0,0.024147
0,0.023682
0,0.019727
0,0.016008
0,0.017680
0,0.016709
0,0.017421
0,0.020127
0,0.015715
0,0.017246
0,0.019118
0,0.018006
0,0.025573
0,0.030631
0,0.023989
0,0.018395
0,0.017603
0,0.020312
0,0.017019
0,0.017397
0,0.020164
0,0.018668
0,0.020369
0,0.016358
0,0.016937
0,0.018508
0,0.017726
0,0.015815
0,0.019249
0,0.018062
0,0.018286
0,0.019539
0,0.016149
0,0.029696
0,0.031148
0,0.027963
0,0.022193
0,0.019811
0,0.016558
0,0.016908
0,0.017002
0,0.016826
0,0.017865
0,0.020096
0,0.017157
0,0.019917
0,0.027610
0,0.024110
0,0.019189
0,0.018682
0,0.017176
0,0.018288
0,0.025760
0,0.021880
0,0.021630
0,0.019671
0,0.018684
0,0.020419
0,0.019250
0,0.018066
0,0.017091
0,0.017706
0,0.017892
0,0.020879
0,0.018667
0,0.018284
0,0.016847
0,0.022196
0,0.017739
0,0.019790
0,0.019453
0,0.019911
0,0.023341
0,0.032931
0,0.021735
0,0.022158
0,0.019270
0,0.019411
0,0.020216
0,0.021651
0,0.028657
0,0.023760
0,0.018020
0,0.016921
0,0.020062
0,0.019110
0,0.018748
0,0.018846
0,0.019155
0,0.015987
0,0.016861
0,0.019088
0,0.027320
0,0.022566
0,0.020182
0,0.020279
0,0.019020
0,0.021477
0,0.020916
0,0.022406
0,0.020562
0,0.018174
0,0.017122
0,0.018213
0,0.019085
0,0.016378
0,0.020464
0,0.019111
0,0.019508
0,0.017290
0,0.017182
0,0.016969
0,0.025797
0,0.023003
0,0.020388
0,0.017392
0,0.023427
0,0.024768
0,0.018321
0,0.016205
0,0.018471
0,0.022172
0,0.024903
0,0.021172
0,0.019976
0,0.021088
0,0.022550
0,0.017519
0,0.018576
0,0.023261
0,0.016761
0,0.030967
0,0.028287
0,0.022746
0,0.018817
0,0.018215
0,0.018566
0,0.015826
0,0.021527
0,0.018558
0,0.023464
0,0.025321
0,0.024809
0,0.020002
0,0.020406
0,0.020695
0,0.018990
0,0.017000
0,0.016990
0,0.017033
0,0.018579
0,0.026778
0,0.019438
0,0.018625
0,0.018575
0,0.023071
0,0.018500
0,0.018083
0,0.019693
0,0.022557
0,0.027246
0,0.021605
0,0.022193
0,0.018633
0,0.017775
0,0.020123
0,0.020234
0,0.018504
0,0.018869
0,0.021819
0,0.040492
0,0.024727
0,0.024660
0,0.018632
0,0.020348
0,0.016755
0,0.018247
0,0.018453
0,0.019398
0,0.020116
0,0.017020
0,0.021675
0,0.019568
0,0.018227
0,0.022126
0,0.018001
0,0.019664
0,0.024079
0,0.022426
0,0.032689
0,0.017315
0,0.019198
0,0.016816
0,0.017267
0,0.022092
0,0.018191
0,0.016102
0,0.020036
0,0.024887
0,0.025787
0,0.021097
0,0.019855
0,0.016744
0,0.017969
0,0.020342
0,0.017246
0,0.016715
0,0.018325
0,0.019664
0,0.024759
0,0.021229
0,0.018951
0,0.017306
0,0.017521
0,0.019374
0,0.018480
0,0.018182
0,0.016947
0,0.020568
0,0.020472
0,0.021768
0,0.024353
0,0.026248
0,0.021941
0,0.022251
0,0.016839
0,0.016095
0,0.017669
0,0.019401
0,0.031119
0,0.018910
0,0.017840
0,0.021776
0,0.026154
0,0.023961
0,0.019154
0,0.017048
0,0.021800
0,0.019550
0,0.019148
0,0.019474
0,0.016470
0,0.018961
0,0.019064
0,0.019545
0,0.024926
0,0.017484
0,0.019969
0,0.017655
0,0.028925
0,0.023638
0,0.022436
0,0.024537
0,0.021995
0,0.019366
0,0.020279
0,0.021701
0,0.018886
0,0.017455
0,0.017995
0,0.020330
0,0.027289
0,0.025858
0,0.019860
0,0.018173
0,0.016989
0,0.019235
0,0.019087
0,0.025595
0,0.028074
0,0.024006
0,0.020924
0,0.020007
0,0.017396
0,0.022248
0,0.028784
0,0.023982
0,0.018314
0,0.017575
0,0.020105
0,0.019844
0,0.025521
0,0.018295
0,0.016501
0,0.017808
0,0.016982
0,0.019981
0,0.024738
0,0.020003
0,0.019073
0,0.017984
0,0.022285
0,0.018305
0,0.019118
0,0.017741
0,0.017278
0,0.023245
0,0.020174
0,0.020791
0,0.017899
0,0.017084
0,0.024250
0,0.018398
0,0.016380
0,0.018470
0,0.017758
0,0.018218
0,0.026438
0,0.023268
0,0.020379
0,0.020766
0,0.019792
0,0.016798
0,0.017967
0,0.018765
0,0.017966
0,0.020456
0,0.022685
0,0.017124
0,0.021954
0,0.020179
0,0.025829
0,0.015884
0,0.017437
0,0.020343
0,0.017961
0,0.018663
0,0.023826
0,0.023272
0,0.021554
0,0.017021
0,0.021284
0,0.021886
0,0.018139
0,0.026429
0,0.022008
0,0.024291
0,0.020048
0,0.017363
0,0.018436
0,0.018976
0,0.018221
0,0.019949
0,0.023269
0,0.025895
0,0.022210
0,0.026015
0,0.018622
0,0.018459
0,0.018142
0,0.017494
0,0.019222
0,0.018564
0,0.017050
0,0.017594
0,0.016924
0,0.020372
0,0.020453
0,0.019116
0,0.019717
0,0.018293
0,0.021029
0,0.019844
0,0.016609
0,0.019198
0,0.024950
0,0.025213
0,0.029133
0,0.019500
0,0.018184
0,0.017687
0,0.018234
0,0.017311
0,0.016790
0,0.019015
0,0.019114
0,0.023710
0,0.027868
0,0.021803
0,0.019622
0,0.019862
0,0.018205
0,0.018857
0,0.019686
0,0.019953
0,0.018401
0,0.020314
0,0.028459
0,0.015515
0,0.018999
0,0.019948
0,0.019703
0,0.018437
0,0.018825
0,0.022031
0,0.029164
0,0.022753
0,0.019324
0,0.019452
0,0.020767
0,0.019752
0,0.016694
0,0.018654
0,0.015482
0,0.018342
0,0.026454
0,0.030737
0,0.023214
0,0.020465
0,0.018803
0,0.017962
0,0.018563
0,0.015970
0,0.016376
0,0.018416
0,0.017692
0,0.018572
0,0.019716
0,0.023762
0,0.016851
0,0.023381
0,0.016249
0,0.021275
0,0.018430
0,0.019751
0,0.024142
0,0.020815
0,0.022423
0,0.020611
0,0.028351
0,0.023174
0,0.021004
0,0.017328
0,0.018336
0,0.018884
0,0.018943
0,0.019513
0,0.018229
0,0.020030
0,0.022083
0,0.026089
0,0.025133
0,0.019764
0,0.021088
0,0.020961
0,0.024656
0,0.018785
0,0.017205
0,0.017471
0,0.021458
0,0.020453
0,0.017828
0,0.019431
0,0.017637
0,0.022780
0,0.019875
0,0.020992
0,0.024586
0,0.023348
0,0.025645
0,0.020831
0,0.020413
0,0.021248
0,0.021434
0,0.023512
0,0.019525
0,0.021662
0,0.028323
0,0.027425
0,0.017492
0,0.019813
0,0.016978
0,0.019093
0,0.019575
0,0.017612
0,0.016040
0,0.023554
0,0.016826
0,0.019835
0,0.017391
0,0.017804
0,0.020340
0,0.019263
0,0.023368
0,0.025991
0,0.021945
0,0.019948
0,0.027976
0,0.022543
0,0.019806
0,0.020934
0,0.017183
0,0.020036
0,0.020199
0,0.018019
0,0.021418
0,0.026525
0,0.025852
0,0.019155
0,0.016004
0,0.018070
0,0.018498
0,0.019939
0,0.026236
0,0.021884
0,0.020326
0,0.020728
0,0.021106
0,0.018812
0,0.018414
0,0.018481
0,0.017086
0,0.018348
0,0.018272
0,0.018164
0,0.017336
0,0.018344
0,0.021537
0,0.021127
0,0.017109
0,0.018343
0,0.019273
0,0.023079
0,0.017163
0,0.030879
0,0.023261
0,0.017670
0,0.020527
0,0.018451
0,0.016970
0,0.017519
0,0.019142
0,0.020613
0,0.022947
0,0.020450
0,0.019975
0,0.022121
0,0.023812
0,0.020702
0,0.019674
0,0.017357
0,0.018771
0,0.018922
0,0.028003
0,0.028587
0,0.023887
0,0.020040
0,0.017109
0,0.018910
0,0.017027
0,0.017674
0,0.021802
0,0.017587
0,0.017894
0,0.017194
0,0.020461
0,0.029968
0,0.018863
0,0.021256
0,0.020217
0,0.022367
0,0.023565
0,0.028230
0,0.019409
0,0.019561
0,0.021645
0,0.018250
0,0.021226
0,0.017447
0,0.017334
0,0.021735
0,0.020939
0,0.018821
0,0.018653
0,0.020356
0,0.018799
0,0.020595
0,0.017594
0,0.025757
0,0.022740
0,0.024491
0,0.017149
0,0.026278
0,0.021107
0,0.017029
0,0.019992
0,0.017187
0,0.017707
0,0.020642
0,0.024538
0,0.027309
0,0.022626
0,0.021211
0,0.016715
0,0.016009
0,0.020515
0,0.016855
0,0.018570
0,0.019108
0,0.018800
0,0.019545
0,0.017459
0,0.026052
0,0.021266
0,0.017540
0,0.023508
0,0.018610
0,0.019089
0,0.026355
0,0.023586
0,0.022379
0,0.019918
0,0.018366
0,0.018376
0,0.017908
0,0.020012
0,0.016144
0,0.016761
0,0.018863
0,0.027425
0,0.027981
0,0.028211
0,0.020372
0,0.017082
0,0.022537
0,0.016791
0,0.017713
0,0.021083
0,0.021390
0,0.022031
0,0.017962
0,0.016951
0,0.015555
0,0.021335
0,0.019060
0,0.020959
0,0.017747
0,0.019966
0,0.021106
0,0.024722
0,0.023183
0,0.028264
0,0.020940
0,0.017553
0,0.020088
0,0.017116
0,0.017831
0,0.016241
0,0.019402
0,0.024589
0,0.027980
0,0.020931
0,0.019606
0,0.017472
0,0.018756
0,0.017222
0,0.017483
0,0.017926
0,0.019296
0,0.022346
0,0.018888
0,0.023342
0,0.028138
0,0.023964
0,0.018923
0,0.022461
0,0.021309
0,0.023268
0,0.026008
0,0.021909
0,0.020948
0,0.017012
0,0.017085
0,0.018276
0,0.018048
0,0.017448
0,0.016165
0,0.017941
0,0.023246
0,0.023691
0,0.031654
0,0.019311
0,0.022228
0,0.018278
0,0.018122
0,0.018148
0,0.016911
0,0.022322
0,0.019628
0,0.016570
0,0.019840
0,0.018954
0,0.019638
0,0.019498
0,0.017145
0,0.020665
0,0.016178
0,0.017118
0,0.022014
0,0.022493
0,0.028494
0,0.022069
0,0.022811
0,0.021123
0,0.019445
0,0.017167
0,0.019342
0,0.016902
0,0.019212
0,0.017343
0,0.018471
0,0.018393
0,0.020782
0,0.021357
0,0.017953
0,0.021646
0,0.027639
0,0.026452
0,0.020502
0,0.026279
0,0.019068
0,0.019745
0,0.020842
0,0.017510
0,0.020970
0,0.017591
0,0.021097
0,0.021298
0,0.019279
0,0.022491
0,0.018316
0,0.019178
0,0.020626
0,0.018961
0,0.017958
0,0.018884
0,0.018244
0,0.021628
0,0.018500
0,0.027155
0,0.019212
0,0.019479
0,0.021442
0,0.020228
0,0.022765
0,0.025176
0,0.021866
0,0.021263
0,0.018707
0,0.018284
0,0.015728
0,0.018418
0,0.021942
0,0.025065
0,0.024748
0,0.021176
0,0.018845
0,0.022942
0,0.022997
0,0.021279
0,0.017147
0,0.019344
0,0.020857
0,0.018568
0,0.019324
0,0.019538
0,0.019964
0,0.017537
0,0.019485
0,0.017416
0,0.021258
0,0.019573
0,0.018806
0,0.018821
0,0.019307
0,0.019814
0,0.017411
0,0.021800
0,0.018033
0,0.025906
0,0.020062
0,0.018993
0,0.020827
0,0.019048
0,0.023316
0,0.024577
0,0.025539
0,0.020754
0,0.023011
0,0.023878
0,0.022861
0,0.020056
0,0.025596
0,0.020386
0,0.020257
0,0.022650
0,0.019462
0,0.025850
0,0.020202
0,0.016947
0,0.018599
0,0.018224
0,0.021615
0,0.018267
0,0.029009
0,0.025893
0,0.019897
0,0.015906
0,0.018409
0,0.018561
0,0.019317
0,0.019215
0,0.016562
0,0.016487
0,0.019064
0,0.020614
0,0.016682
0,0.026010
0,0.019698
0,0.018400
0,0.018326
0,0.018215
0,0.019796
0,0.017287
0,0.022947
0,0.021895
0,0.017182
0,0.017574
0,0.018706
0,0.016738
0,0.022992
0,0.020264
0,0.021751
0,0.024126
0,0.023293
0,0.019602
0,0.017560
0,0.027715
0,0.017582
0,0.018384
0,0.018544
0,0.017747
0,0.018504
0,0.022929
0,0.028803
0,0.021084
0,0.019067
0,0.018019
0,0.018792
0,0.018002
0,0.018962
0,0.017692
0,0.019620
0,0.017574
0,0.018443
0,0.019936
0,0.020051
0,0.026029
0,0.021791
0,0.023137
0,0.021599
0,0.018483
0,0.024363
0,0.024478
0,0.023705
0,0.018631
0,0.017937
0,0.016120
0,0.016494
0,0.019472
0,0.019309
0,0.015950
0,0.018428
0,0.019559
0,0.028786
0,0.024663
0,0.022702
0,0.021137
0,0.018218
0,0.021289
0,0.021092
0,0.018329
0,0.019080
0,0.018526
0,0.022164
0,0.018690
0,0.017320
0,0.020348
0,0.019550
0,0.023396
0,0.019219
0,0.017588
0,0.018456
0,0.017473
0,0.020160
0,0.023108
0,0.032107
0,0.024912
0,0.019071
0,0.019696
0,0.017394
0,0.016232
0,0.018557
0,0.018751
0,0.018766
0,0.018036
0,0.020079
0,0.031410
0,0.023066
0,0.020693
0,0.017989
0,0.016608
0,0.018883
0,0.017028
0,0.020159
0,0.019561
0,0.027935
0,0.018606
0,0.018340
0,0.020282
0,0.019734
0,0.019297
0,0.017376
0,0.019145
0,0.023849
0,0.024500
0,0.022818
0,0.022722
0,0.020643
0,0.018907
0,0.016208
0,0.018575
0,0.017949
0,0.017670
0,0.020708
0,0.027335
0,0.037594
0,0.021815
0,0.018516
0,0.020485
0,0.016880
0,0.018526
0,0.017238
0,0.018269
0,0.017294
0,0.016814
0,0.019163
0,0.020821
0,0.025948
0,0.021279
0,0.016736
0,0.016788
0,0.018869
0,0.020686
0,0.018576
0,0.019544
0,0.026244
0,0.023831
0,0.023229
0,0.021998
0,0.022120
0,0.022921
0,0.022425
0,0.017819
0,0.019858
0,0.017195
0,0.023710
0,0.027692
0,0.024103
0,0.018798
0,0.018513
0,0.018243
0,0.018680
0,0.018142
0,0.017900
0,0.026289
0,0.024041
0,0.018339
0,0.016580
0,0.017203
0,0.016867
0,0.020872
0,0.018752
0,0.018085
0,0.019240
0,0.016914
0,0.020648
0,0.020304
0,0.017186
0,0.017703
0,0.019981
0,0.019276
0,0.020985
0,0.018929
0,0.019010
0,0.027009
0,0.018416
0,0.020450
0,0.017081
0,0.019083
0,0.023276
0,0.023938
0,0.024475
0,0.019977
0,0.020988
0,0.016934
0,0.019465
0,0.020337
0,0.018221
0,0.024489
0,0.024336
0,0.022624
0,0.020795
0,0.018091
0,0.026026
0,0.020644
0,0.025291
0,0.018571
0,0.019353
0,0.019090
0,0.018069
0,0.024274
0,0.024044
0,0.017420
0,0.018156
0,0.018944
0,0.022290
0,0.027720
0,0.021202
0,0.019551
0,0.018850
0,0.020259
0,0.020923
0,0.026896
0,0.022331
0,0.024814
0,0.018838
0,0.018194
0,0.019655
0,0.018340
0,0.020408
0,0.019183
0,0.016491
0,0.021084
0,0.027939
0,0.025690
0,0.018409
0,0.015917
0,0.017669
0,0.016943
0,0.019650
0,0.017890
0,0.016511
0,0.021950
0,0.023065
0,0.020298
0,0.023030
0,0.023971
0,0.023509
0,0.017445
0,0.019843
0,0.017562
0,0.017162
0,0.018026
0,0.017560
0,0.021466
0,0.021202
0,0.017043
0,0.017156
0,0.018933
0,0.017215
0,0.019627
0,0.017388
0,0.016810
0,0.031184
0,0.027917
0,0.022763
0,0.021188
0,0.021743
0,0.016324
0,0.020392
0,0.017555
0,0.017758
0,0.015917
0,0.019070
0,0.023341
0,0.026335
0,0.023630
0,0.019787
0,0.017267
0,0.021534
0,0.017902
0,0.017916
0,0.029492
0,0.020113
0,0.019192
0,0.019529
0,0.019346
0,0.019089
0,0.019483
0,0.020029
0,0.017067
0,0.022312
0,0.023077
0,0.026990
0,0.019705
0,0.018115
0,0.016527
0,0.016705
0,0.019870
0,0.018903
0,0.016521
0,0.023813
0,0.040837
0,0.022840
0,0.018838
0,0.017914
0,0.016967
0,0.022687
0,0.020073
0,0.015833
0,0.017883
0,0.016878
0,0.017202
0,0.021741
0,0.018189
0,0.018806
0,0.017167
0,0.019456
0,0.021489
0,0.020084
0,0.019910
0,0.017071
0,0.029004
0,0.025188
0,0.018079
0,0.026626
0,0.025694
0,0.025256
0,0.018264
0,0.019546
0,0.016022
0,0.018228
0,0.023536
0,0.016813
0,0.017657
0,0.022754
0,0.018928
0,0.028462
0,0.022937
0,0.020461
0,0.029111
0,0.023071
0,0.018289
0,0.017673
0,0.018403
0,0.017511
0,0.016167
0,0.024827
0,0.016953
0,0.018844
0,0.017206
0,0.017573
0,0.021958
0,0.019766
0,0.021414
0,0.026685
0,0.024050
0,0.022720
0,0.019122
0,0.018176
0,0.025140
0,0.023553
0,0.021248
0,0.018741
0,0.020151
0,0.021248
0,0.024615
0,0.019866
0,0.020194
0,0.017269
0,0.021003
0,0.021131
0,0.016571
0,0.019230
0,0.021766
0,0.026174
0,0.023645
0,0.021329
0,0.020066
0,0.027080
0,0.021533
0,0.017257
0,0.018969
0,0.020267
0,0.017712
0,0.020384
0,0.020608
0,0.022320
0,0.022382
0,0.017383
0,0.019287
0,0.019748
0,0.022293
0,0.025780
0,0.024146
0,0.020575
0,0.017065
0,0.017312
0,0.024815
0,0.021224
0,0.024306
0,0.019393
0,0.018102
0,0.034342
0,0.024450
0,0.018372
0,0.016816
0,0.019650
0,0.017977
0,0.018517
0,0.017157
0,0.019715
0,0.018041
0,0.019397
0,0.019570
0,0.020711
0,0.018481
0,0.019733
0,0.025565
0,0.022702
0,0.020338
0,0.015721
0,0.016851
0,0.019999
0,0.019665
0,0.022457
0,0.022313
0,0.019463
0,0.019549
0,0.019656
0,0.019698
0,0.017892
0,0.017956
0,0.018500
0,0.017702
0,0.020775
0,0.018374
0,0.017774
0,0.025982
0,0.027213
0,0.025682
0,0.021444
0,0.020585
0,0.021291
0,0.020250
0,0.020326
0,0.020067
0,0.027748
0,0.025391
0,0.018200
0,0.018886
0,0.018647
0,0.018313
0,0.019876
0,0.017782
0,0.018555
0,0.017866
0,0.029841
0,0.023396
0,0.018329
0,0.020212
0,0.019466
0,0.018746
0,0.020749
0,0.018428
0,0.019316
0,0.018151
0,0.017932
0,0.025541
0,0.022948
0,0.029091
0,0.021688
0,0.021906
0,0.032939
0,0.024411
0,0.029565
0,0.021582
0,0.021528
0,0.029026
0,0.027271
0,0.022493
0,0.019590
0,0.018741
0,0.017279
0,0.017405
0,0.019392
0,0.019132
0,0.018346
0,0.018167
0,0.017300
0,0.020334
0,0.017602
0,0.018895
0,0.020568
0,0.024933
0,0.023715
0,0.020183
0,0.018295
0,0.019725
0,0.018766
0,0.022114
0,0.026878
0,0.023106
0,0.020907
0,0.018304
0,0.021746
0,0.018046
0,0.016136
0,0.017531
0,0.017346
0,0.019120
0,0.022479
0,0.025353
0,0.028663
0,0.021481
0,0.017927
0,0.017170
0,0.018481
0,0.018453
0,0.018613
0,0.019791
0,0.016139
0,0.020006
0,0.018150
0,0.017636
0,0.018801
0,0.018933
0,0.016637
0,0.018763
0,0.024156
0,0.024684
0,0.022275
0,0.019286
0,0.019064
0,0.025148
0,0.020153
0,0.020543
0,0.020757
0,0.020200
0,0.025027
0,0.025934
0,0.021801
0,0.018403
0,0.018184
0,0.019044
0,0.017679
0,0.016582
0,0.017229
0,0.017950
0,0.016209
0,0.022173
0,0.018168
0,0.017876
0,0.016714
0,0.027593
0,0.024230
0,0.020085
0,0.019227
0,0.021084
0,0.018061
0,0.021687
0,0.019145
0,0.021020
0,0.029635
0,0.022444
0,0.020097
0,0.018983
0,0.017098
0,0.019009
0,0.020425
0,0.019477
0,0.021497
0,0.019318
0,0.032107
0,0.031511
0,0.021711
0,0.017350
0,0.018458
0,0.021738
0,0.016749
0,0.017464
0,0.022308
0,0.021748
0,0.020529
0,0.018197
0,0.017143
0,0.017547
0,0.017672
0,0.022782
0,0.020199
0,0.017756
0,0.019240
0,0.019818
0,0.038102
0,0.025642
0,0.020372
0,0.017119
0,0.018928
0,0.017818
0,0.015999
0,0.017841
0,0.016838
0,0.023065
0,0.023290
0,0.024395
0,0.022477
0,0.021749
0,0.020395
0,0.017106
0,0.018488
0,0.018592
0,0.018049
0,0.028501
0,0.019914
0,0.019063
0,0.021179
0,0.018769
0,0.019549
0,0.019020
0,0.017407
0,0.018333
0,0.020559
0,0.028762
0,0.021367
0,0.019603
0,0.019969
0,0.019005
0,0.019899
0,0.015998
0,0.017692
0,0.024269
0,0.034902
0,0.023510
0,0.021092
0,0.017395
0,0.018218
0,0.019329
0,0.020489
0,0.018030
0,0.020045
0,0.016872
0,0.020040
0,0.021884
0,0.017030
0,0.018817
0,0.019833
0,0.017225
0,0.022366
0,0.017305
0,0.021036
0,0.030398
0,0.028279
0,0.021844
0,0.018666
0,0.020930
0,0.018890
0,0.018329
0,0.017272
0,0.018547
0,0.020294
0,0.016670
0,0.019129
0,0.019285
0,0.018316
0,0.017338
0,0.019890
0,0.018519
0,0.019541
0,0.024413
0,0.022111
0,0.021685
0,0.030554
0,0.020375
0,0.017736
0,0.016738
0,0.019401
0,0.023354
0,0.024914
0,0.023336
0,0.019718
0,0.016700
0,0.023526
0,0.017376
0,0.018184
0,0.019217
0,0.019065
0,0.021549
0,0.024227
0,0.024532
0,0.018523
0,0.029943
0,0.022670
0,0.024346
0,0.022658
0,0.018280
0,0.021368
0,0.020749
0,0.019713
0,0.019359
0,0.017163
0,0.021882
0,0.019994
0,0.019095
0,0.016919
0,0.022203
0,0.020326
0,0.018127
0,0.017898
0,0.020473
0,0.036733
0,0.027228
0,0.017818
0,0.016525
0,0.018470
0,0.019223
0,0.016010
0,0.017591
0,0.017111
0,0.017982
0,0.020223
0,0.021068
0,0.023705
0,0.024643
0,0.021480
0,0.019102
0,0.018194
0,0.019032
0,0.016381
0,0.018325
0,0.028651
0,0.018381
0,0.018112
0,0.017019
0,0.018674
0,0.023100
0,0.018381
0,0.016906
0,0.020181
0,0.020701
0,0.028599
0,0.022581
0,0.022919
0,0.018658
0,0.017849
0,0.020148
0,0.025796
0,0.017952
0,0.016913
0,0.018369
0,0.032463
0,0.029610
0,0.021498
0,0.018609
0,0.020037
0,0.017118
0,0.018585
0,0.017324
0,0.016904
0,0.023133
0,0.018713
0,0.017265
0,0.018408
0,0.016798
0,0.018740
0,0.019132
0,0.018397
0,0.020726
0,0.024657
0,0.032255
0,0.024724
0,0.020100
0,0.016857
0,0.017666
0,0.019683
0,0.018781
0,0.020212
0,0.019649
0,0.024730
0,0.029220
0,0.020971
0,0.020602
0,0.016731
0,0.019698
0,0.020763
0,0.017618
0,0.020455
0,0.016004
0,0.018870
0,0.029152
0,0.019113
0,0.019265
0,0.020321
0,0.019488
0,0.020010
0,0.017107
0,0.016857
0,0.019331
0,0.019790
0,0.023246
0,0.026202
0,0.024291
0,0.022573
0,0.020549
0,0.021454
0,0.017828
0,0.020526
0,0.017677
0,0.029725
0,0.017655
0,0.016574
0,0.021704
0,0.027482
0,0.025090
0,0.018514
0,0.016603
0,0.018992
0,0.018917
0,0.019455
0,0.020144
0,0.017760
0,0.017153
0,0.019601
0,0.019337
0,0.020565
0,0.019914
0,0.027381
0,0.027251
0,0.025964
0,0.023799
0,0.023687
0,0.024738
0,0.017318
0,0.018962
0,0.016748
0,0.019352
0,0.021191
0,0.018290
0,0.019678
0,0.023617
0,0.025608
0,0.022016
0,0.018811
0,0.019607
0,0.017025
0,0.018763
0,0.028884
0,0.022877
0,0.025772
0,0.022836
0,0.018344
0,0.018960
0,0.017280
0,0.019034
0,0.030250
0,0.022048
0,0.017358
0,0.017949
0,0.018114
0,0.018781
0,0.020289
0,0.018525
0,0.019609
0,0.019423
0,0.018416
0,0.020109
0,0.029213
0,0.022637
0,0.018188
0,0.016833
0,0.019787
0,0.020122
0,0.022210
0,0.020053
0,0.017525
0,0.019910
0,0.016475
0,0.017119
0,0.018825
0,0.020327
0,0.020684
0,0.020557
0,0.017037
0,0.021249
0,0.016895
0,0.019044
0,0.027406
0,0.019829
0,0.022565
0,0.016540
0,0.018737
0,0.018986
0,0.015663
0,0.018470
0,0.017127
0,0.018928
0,0.021057
0,0.018503
0,0.017495
0,0.019150
0,0.020194
0,0.020537
0,0.017132
0,0.018864
0,0.019021
0,0.019073
0,0.019798
0,0.030746
0,0.019614
0,0.026637
0,0.019900
0,0.021835
0,0.017461
0,0.027797
0,0.021603
0,0.019517
0,0.020332
0,0.017609
0,0.020010
0,0.017629
0,0.016015
0,0.020494
0,0.018097
0,0.020054
0,0.028693
0,0.032683
0,0.019228
0,0.018434
0,0.019534
0,0.017677
0,0.020442
0,0.019148
0,0.018832
0,0.018986
0,0.016828
0,0.021319
0,0.020026
0,0.018381
0,0.020634
0,0.017334
0,0.016860
0,0.021239
0,0.018318
0,0.019586
0,0.017456
0,0.020286
0,0.028068
0,0.018213
0,0.016727
0,0.020863
0,0.018148
0,0.020649
0,0.020873
0,0.027825
0,0.023544
0,0.020991
0,0.019831
0,0.016923
0,0.015936
0,0.019267
0,0.019579
0,0.020460
0,0.017459
0,0.017442
0,0.021101
0,0.034875
0,0.024835
0,0.021026
0,0.019904
0,0.018001
0,0.021243
0,0.019270
0,0.018867
0,0.016229
0,0.026111
0,0.020806
0,0.020908
0,0.020938
0,0.020889
0,0.021700
0,0.018053
0,0.018512
0,0.018493
0,0.022192
0,0.034099
0,0.023600
0,0.018981
0,0.018536
0,0.019482
0,0.020197
0,0.016792
0,0.017019
0,0.017192
0,0.022056
0,0.025147
0,0.024503
0,0.019528
0,0.018306
0,0.020657
0,0.021915
0,0.018273
0,0.015837
0,0.018053
0,0.017976
0,0.029321
0,0.021802
0,0.018826
0,0.019438
0,0.019651
0,0.019115
0,0.018001
0,0.021538
0,0.020513
0,0.027435
0,0.022559
0,0.021865
0,0.019025
0,0.017928
0,0.019689
0,0.015787
0,0.021119
0,0.018198
0,0.017660
0,0.021438
0,0.032875
0,0.025895
0,0.019881
0,0.022560
0,0.018718
0,0.017315
0,0.020772
0,0.015827
0,0.016569
0,0.021445
0,0.016695
0,0.019328
0,0.018276
0,0.016368
0,0.023151
0,0.015992
0,0.016435
0,0.021795
0,0.020074
0,0.032079
0,0.025650
0,0.020643
0,0.017317
0,0.016123
0,0.019075
0,0.016381
0,0.016389
0,0.017416
0,0.016599
0,0.018993
0,0.028079
0,0.023973
0,0.021422
0,0.018641
0,0.021406
0,0.018402
0,0.017621
0,0.017460
0,0.018468
0,0.020055
0,0.030232
0,0.023216
0,0.021437
0,0.019453
0,0.020273
0,0.019572
0,0.026471
0,0.019911
0,0.023009
0,0.021249
0,0.021199
0,0.022078
0,0.020954
0,0.024544
0,0.016664
0,0.017471
0,0.017913
0,0.018153
0,0.034050
0,0.026328
0,0.019477
0,0.019446
0,0.018558
0,0.019110
0,0.017667
0,0.025095
0,0.018028
0,0.022458
0,0.016729
0,0.019320
0,0.020092
0,0.024059
0,0.020679
0,0.021521
0,0.019280
0,0.018723
0,0.020319
0,0.021307
0,0.025989
0,0.018764
0,0.019080
0,0.020021
0,0.020924
0,0.019811
0,0.018316
0,0.018135
0,0.020295
0,0.019166
0,0.017230
0,0.017135
0,0.017011
0,0.018614
0,0.017704
0,0.020091
0,0.021583
0,0.020034
0,0.022043
0,0.025758
0,0.028231
0,0.020504
0,0.021438
0,0.019730
0,0.018326
0,0.018136
0,0.025861
0,0.027500
0,0.021530
0,0.016588
0,0.022019
0,0.017180
0,0.017100
0,0.019042
0,0.018132
0,0.020481
0,0.025195
0,0.020726
0,0.019896
0,0.028220
0,0.028083
0,0.023757
0,0.022380
0,0.017962
0,0.021354
0,0.021030
0,0.017323
0,0.022261
0,0.016877
0,0.020125
0,0.017976
0,0.020409
0,0.024299
0,0.016459
0,0.018973
0,0.018990
0,0.018181
0,0.028938
0,0.030782
0,0.020468
0,0.017454
0,0.015966
0,0.019478
0,0.017156
0,0.018675
0,0.018740
0,0.020274
0,0.020434
0,0.016087
0,0.017486
0,0.024077
0,0.028778
0,0.024784
0,0.018522
0,0.019833
0,0.016433
0,0.017484
0,0.020122
0,0.026472
0,0.020249
0,0.016238
0,0.017730
0,0.019415
0,0.018247
0,0.017397
0,0.016671
0,0.021373
0,0.021665
0,0.017003
0,0.020372
0,0.027816
0,0.022254
0,0.023806
0,0.019411
0,0.016820
0,0.018501
0,0.018199
0,0.020087
0,0.023956
0,0.019250
0,0.024857
0,0.026109
0,0.022701
0,0.016829
0,0.019421
0,0.016998
0,0.019117
0,0.019891
0,0.018808
0,0.017461
0,0.017419
0,0.022006
0,0.019312
0,0.018848
0,0.019327
0,0.018206
0,0.017749
0,0.019953
0,0.033196
0,0.025945
0,0.020676
0,0.021772
0,0.017593
0,0.017888
0,0.016120
0,0.019582
0,0.017754
0,0.021369
0,0.023060
0,0.026862
0,0.019835
0,0.019502
0,0.020501
0,0.019230
0,0.018027
0,0.020031
0,0.021008
0,0.023557
0,0.024303
0,0.017093
0,0.019508
0,0.019701
0,0.020254
0,0.017160
0,0.018403
0,0.019990
0,0.019211
0,0.020568
0,0.021009
0,0.024311
0,0.024165
0,0.021298
0,0.018000
0,0.019608
0,0.017551
0,0.018485
0,0.020000
0,0.027341
0,0.022561
0,0.025011
0,0.025490
0,0.023672
0,0.017384
0,0.018080
0,0.019076
0,0.019427
0,0.018947
0,0.018630
0,0.018890
0,0.019835
0,0.021752
0,0.018714
0,0.020932
0,0.018258
0,0.019452
0,0.020806
0,0.025697
0,0.027483
0,0.023025
0,0.024985
0,0.019035
0,0.020167
0,0.020002
0,0.017027
0,0.020132
0,0.016431
0,0.016788
0,0.020348
0,0.022844
0,0.027707
0,0.022502
0,0.018122
0,0.018238
0,0.017145
0,0.022023
0,0.021788
0,0.032944
0,0.020337
0,0.024508
0,0.016057
0,0.018315
0,0.026254
0,0.022639
0,0.021154
0,0.017651
0,0.019990
0,0.018416
0,0.017942
0,0.020546
0,0.017953
0,0.017085
0,0.026616
0,0.017694
0,0.019553
0,0.016564
0,0.028039
0,0.021504
0,0.017309
0,0.021451
0,0.018106
0,0.016121
0,0.017443
0,0.016889
0,0.017129
0,0.021898
0,0.016588
0,0.021219
0,0.018469
0,0.019266
0,0.020875
0,0.017197
0,0.018815
0,0.018418
0,0.019175
0,0.021077
0,0.016432
0,0.027240
0,0.020729
0,0.018971
0,0.022056
0,0.017156
0,0.018767
0,0.022366
0,0.018070
0,0.021688
0,0.018326
0,0.020145
0,0.020925
0,0.017139
0,0.019586
0,0.020132
0,0.019361
0,0.017319
0,0.020156
0,0.018566
0,0.018533
0,0.023145
0,0.018119
0,0.020372
0,0.019311
0,0.019316
0,0.020609
0,0.028027
0,0.021559
0,0.022332
0,0.019141
0,0.019908
0,0.020099
0,0.017246
0,0.022277
0,0.026391
0,0.023577
0,0.021614
0,0.020264
0,0.018147
0,0.026699
0,0.018004
0,0.019296
0,0.019860
0,0.019854
0,0.017036
0,0.018617
0,0.018287
0,0.017051
0,0.022022
0,0.018687
0,0.018090
0,0.020089
0,0.016199
0,0.021015
0,0.026018
0,0.022511
0,0.023933
0,0.020420
0,0.016822
0,0.026262
0,0.018558
0,0.018553
0,0.017914
0,0.016909
0,0.020705
0,0.029333
0,0.027665
0,0.019344
0,0.018330
0,0.016089
0,0.017327
0,0.019882
0,0.019298
0,0.018697
0,0.021345
0,0.019504
0,0.018427
0,0.019107
0,0.016140
0,0.025764
0,0.022260
0,0.018582
0,0.023775
0,0.021360
0,0.023964
0,0.021748
0,0.022321
0,0.017944
0,0.021880
0,0.018101
0,0.017087
0,0.018621
0,0.017316
0,0.018202
0,0.025989
0,0.025654
0,0.028505
0,0.021521
0,0.023749
0,0.017345
0,0.018605
0,0.021303
0,0.017205
0,0.019069
0,0.017556
0,0.019039
0,0.019552
0,0.015958
0,0.017897
0,0.017957
0,0.017589
0,0.018541
0,0.019671
0,0.018919
0,0.018860
0,0.018237
0,0.020883
0,0.026151
0,0.033927
0,0.021674
0,0.019174
0,0.023619
0,0.016693
0,0.019121
0,0.018069
0,0.018119
0,0.024580
0,0.024605
0,0.024711
0,0.024692
0,0.022360
0,0.015954
0,0.018264
0,0.019259
0,0.019375
0,0.018113
0,0.019387
0,0.024404
0,0.022955
0,0.016390
0,0.020383
0,0.019565
0,0.018539
0,0.021136
0,0.022281
0,0.028148
0,0.020676
0,0.019689
0,0.020396
0,0.019765
0,0.019322
0,0.019388
0,0.017241
0,0.020695
0,0.022231
0,0.026275
0,0.023002
0,0.027623
0,0.018217
0,0.021519
0,0.018850
0,0.019477
0,0.017095
0,0.019109
0,0.018227
0,0.020593
0,0.016388
0,0.019040
0,0.019010
0,0.017877
0,0.020080
0,0.019495
0,0.019999
0,0.022673
0,0.019313
0,0.019039
0,0.018861
0,0.032691
0,0.026510
0,0.024333
0,0.021124
0,0.016015
0,0.018113
0,0.020173
0,0.020638
0,0.019158
0,0.016613
0,0.017278
0,0.016916
0,0.024698
0,0.028278
0,0.019988
0,0.020049
0,0.017481
0,0.019001
0,0.018328
0,0.018090
0,0.025205
0,0.022179
0,0.019895
0,0.020755
0,0.019880
0,0.018685
0,0.017324
0,0.019197
0,0.018888
0,0.018099
0,0.020048
0,0.020052
0,0.019825
0,0.019750
0,0.018399
0,0.020030
0,0.019131
0,0.018923
0,0.017394
0,0.019479
0,0.030690
0,0.029520
0,0.020486
0,0.021351
0,0.023070
0,0.019578
0,0.021380
0,0.019613
0,0.024719
0,0.024211
0,0.023447
0,0.019737
0,0.018148
0,0.015801
0,0.016676
0,0.018127
0,0.019356
0,0.015881
0,0.017685
0,0.025143
0,0.024286
0,0.019373
0,0.018139
0,0.020393
0,0.017849
0,0.017915
0,0.019973
0,0.016399
0,0.017782
0,0.020873
0,0.017818
0,0.020974
0,0.020039
0,0.017597
0,0.017706
0,0.018713
0,0.017550
0,0.021130
0,0.018581
0,0.017409
0,0.026810
0,0.032419
0,0.019667
0,0.020029
0,0.019974
0,0.016618
0,0.019908
0,0.018284
0,0.018259
0,0.019947
0,0.028875
0,0.024101
0,0.020297
0,0.017186
0,0.019389
0,0.017994
0,0.021639
0,0.017763
0,0.018719
0,0.026935
0,0.019051
0,0.023041
0,0.018613
0,0.018832
0,0.019033
0,0.026260
0,0.025366
0,0.020676
0,0.021688
0,0.019534
0,0.021699
0,0.016660
0,0.017512
0,0.016793
0,0.020806
0,0.029355
0,0.025451
0,0.020309
0,0.027383
0,0.018752
0,0.019898
0,0.018255
0,0.016500
0,0.021064
0,0.017632
0,0.019548
0,0.019168
0,0.017260
0,0.018543
0,0.017259
0,0.019630
0,0.017611
0,0.019088
0,0.018761
0,0.021468
0,0.019572
0,0.028559
0,0.021296
0,0.029253
0,0.021861
0,0.021252
0,0.020286
0,0.016591
0,0.017942
0,0.016901
0,0.018676
0,0.021323
0,0.028436
0,0.024641
0,0.020060
0,0.018655
0,0.015647
0,0.016978
0,0.018240
0,0.017478
0,0.018622
0,0.018145
0,0.017414
0,0.027387
0,0.017346
0,0.020513
0,0.022743
0,0.019356
0,0.016313
0,0.018720
0,0.020932
0,0.024561
0,0.025576
0,0.023987
0,0.020777
0,0.015989
0,0.017861
0,0.016738
0,0.015758
0,0.019430
0,0.021637
0,0.026326
0,0.031496
0,0.021775
0,0.021653
0,0.016858
0,0.018661
0,0.017986
0,0.019802
0,0.020442
0,0.017959
0,0.018942
0,0.018159
0,0.018668
0,0.020123
0,0.016964
0,0.020140
0,0.020570
0,0.017952
0,0.028611
0,0.020660
0,0.023193
0,0.032790
0,0.026079
0,0.018279
0,0.018132
0,0.015785
0,0.016591
0,0.018235
0,0.020020
0,0.019137
0,0.016660
0,0.021313
0,0.031714
0,0.020928
0,0.019544
0,0.015624
0,0.017178
0,0.019040
0,0.020587
0,0.019909
0,0.018295
0,0.023564
0,0.022675
0,0.018103
0,0.017745
0,0.018162
0,0.017637
0,0.017829
0,0.020034
0,0.017844
0,0.021804
0,0.020562
0,0.023311
0,0.026669
0,0.021036
0,0.020327
0,0.016942
0,0.020783
0,0.017972
0,0.019820
0,0.018528
0,0.027694
0,0.021403
0,0.016955
0,0.023820
0,0.018958
0,0.019608
0,0.022408
0,0.020098
0,0.022866
0,0.024165
0,0.020768
0,0.021240
0,0.019738
0,0.020904
0,0.018206
0,0.020006
0,0.020304
0,0.021302
0,0.022028
0,0.029256
0,0.023113
0,0.019588
0,0.018456
0,0.024843
0,0.017875
0,0.022875
0,0.016352
0,0.025163
0,0.019527
0,0.016390
0,0.021895
0,0.016718
0,0.019901
0,0.024506
0,0.026051
0,0.022794
0,0.019738
0,0.017475
0,0.026677
0,0.020582
0,0.019471
0,0.021765
0,0.027618
0,0.027768
0,0.019137
0,0.016575
0,0.016944
0,0.018501
0,0.018750
0,0.019460
0,0.019651
0,0.024178
0,0.018444
0,0.018522
0,0.021402
0,0.018540
0,0.023631
0,0.024046
0,0.024096
0,0.019585
0,0.020692
0,0.017900
0,0.019555
0,0.020623
0,0.020432
0,0.018234
0,0.017192
0,0.019934
0,0.019589
0,0.017781
0,0.019171
0,0.018525
0,0.017645
0,0.023407
0,0.026456
0,0.023102
0,0.020347
0,0.031317
0,0.022569
0,0.021180
0,0.022719
0,0.020365
0,0.020929
0,0.021551
0,0.022844
0,0.021106
0,0.019031
0,0.018314
0,0.016645
0,0.018811
0,0.019688
0,0.016608
0,0.020171
0,0.017736
0,0.020536
0,0.021080
0,0.027403
0,0.033025
0,0.023107
0,0.017128
0,0.017495
0,0.018767
0,0.019383
0,0.018252
0,0.019593
0,0.016086
0,0.018580
0,0.019756
0,0.018143
0,0.018639
0,0.019171
0,0.019135
0,0.021106
0,0.016690
0,0.017795
0,0.021148
0,0.026208
0,0.027637
0,0.021224
0,0.022733
0,0.023111
0,0.022666
0,0.017287
0,0.017082
0,0.017494
0,0.016062
0,0.019769
0,0.024109
0,0.019034
0,0.025783
0,0.024099
0,0.023563
0,0.017483
0,0.018249
0,0.017738
0,0.023863
0,0.022214
0,0.019846
0,0.017676
0,0.019391
0,0.018921
0,0.021353
0,0.019594
0,0.019160
0,0.017567
0,0.017691
0,0.022657
0,0.026203
0,0.022544
0,0.023884
0,0.019548
0,0.022345
0,0.018588
0,0.019432
0,0.016591
0,0.033440
0,0.030076
0,0.039339
0,0.023122
0,0.022545
0,0.021459
0,0.022860
0,0.022310
0,0.020688
0,0.022737
0,0.018159
0,0.022280
0,0.024603
0,0.023521
0,0.022764
0,0.024729
0,0.027821
0,0.034430
0,0.025627
0,0.022494
0,0.024914
0,0.027847
0,0.029766
0,0.025211
0,0.022174
0,0.032033
0,0.020371
0,0.022391
0,0.029005
0,0.028390
0,0.029987
0,0.039055
0,0.024799
0,0.023601
0,0.022751
0,0.026124
0,0.023471
0,0.022738
0,0.023036
0,0.030299
0,0.027780
0,0.022101
0,0.020318
0,0.024389
0,0.023085
0,0.021559
0,0.027313
0,0.034674
0,0.022819
0,0.020143
0,0.021481
0,0.030357
0,0.021971
0,0.023218
0,0.021888
0,0.029057
0,0.034104
0,0.024519
0,0.022955
0,0.025915
0,0.019882
0,0.021136
0,0.024124
0,0.027996
0,0.025057
0,0.023373
0,0.029767
0,0.023364
0,0.027474
0,0.026189
0,0.026116
0,0.027909
0,0.022909
0,0.023257
0,0.032162
0,0.024692
0,0.017470
0,0.018609
0,0.016579
0,0.016885
0,0.047208
0,0.023350
0,0.021873
0,0.022986
0,0.032165
0,0.027689
0,0.021053
0,0.020910
0,0.022554
0,0.020487
0,0.019132
0,0.022298
0,0.026809
0,0.020859
0,0.022143
0,0.024305
0,0.036354
0,0.019863
0,0.021388
0,0.023062
0,0.024627
0,0.022426
0,0.025958
0,0.022104
0,0.017970
0,0.036376
0,0.029405
0,0.033943
0,0.027089
0,0.032163
0,0.033856
0,0.037961
0,0.027666
0,0.040542
0,0.028899
0,0.022790
0,0.021733
0,0.023521
0,0.024414
0,0.024088
0,0.022544
0,0.023015
0,0.022443
0,0.021566
0,0.022972
0,0.024830
0,0.024402
0,0.029629
0,0.029177
0,0.018905
0,0.028544
0,0.024068
0,0.019703
0,0.020315
0,0.022216
0,0.025168
0,0.024366
0,0.023282
0,0.028112
0,0.031391
0,0.024392
0,0.030415
0,0.030483
0,0.025387
0,0.033292
0,0.027391
0,0.022998
0,0.026123
0,0.024675
0,0.023739
0,0.021853
0,0.017591
0,0.022204
0,0.025088
0,0.026216
0,0.019411
0,0.018616
0,0.017753
0,0.019526
0,0.027368
0,0.024169
0,0.021093
0,0.019512
0,0.020603
0,0.023460
0,0.017160
0,0.020446
0,0.018891
0,0.017789
0,0.022740
0,0.024608
0,0.024061
0,0.020881
0,0.020490
0,0.017472
0,0.018501
0,0.018536
0,0.017440
0,0.018720
0,0.028711
0,0.018687
0,0.019329
0,0.028149
0,0.025832
0,0.018962
0,0.019235
0,0.017219
0,0.017944
0,0.019817
0,0.017343
0,0.018319
0,0.020917
0,0.018049
0,0.020783
0,0.024081
0,0.017363
0,0.020492
0,0.017916
0,0.028145
0,0.020423
0,0.026653
0,0.023212
0,0.021872
0,0.020100
0,0.017040
0,0.017238
0,0.020927
0,0.018677
0,0.020241
0,0.016147
0,0.018415
0,0.026132
0,0.029492
0,0.020883
0,0.016712
0,0.022201
0,0.016826
0,0.024063
0,0.023235
0,0.018937
0,0.019760
0,0.019673
0,0.019813
0,0.019248
0,0.018342
0,0.015834
0,0.020885
0,0.027388
0,0.025688
0,0.020831
0,0.019245
0,0.022874
0,0.020858
0,0.020094
0,0.018564
0,0.018365
0,0.018670
0,0.034848
0,0.027203
0,0.021230
0,0.020631
0,0.018078
0,0.019212
0,0.017389
0,0.017164
0,0.019606
0,0.025662
0,0.022136
0,0.020778
0,0.019035
0,0.018404
0,0.020683
0,0.018795
0,0.016409
0,0.017101
0,0.020067
0,0.027366
0,0.020141
0,0.020115
0,0.022502
0,0.026676
0,0.022577
0,0.018740
0,0.018908
0,0.019813
0,0.019842
0,0.019727
0,0.017666
0,0.016515
0,0.018790
0,0.023925
0,0.020009
0,0.026960
0,0.023817
0,0.022068
0,0.025396
0,0.020838
0,0.016702
0,0.019634
0,0.023318
0,0.017522
0,0.020436
0,0.018412
0,0.018903
0,0.021809
0,0.026814
0,0.022881
0,0.021223
0,0.020206
0,0.022083
0,0.016878
0,0.019786
0,0.018094
0,0.020207
0,0.029914
0,0.030409
0,0.023740
0,0.019125
0,0.021019
0,0.020112
0,0.018440
0,0.017120
0,0.016762
0,0.023237
0,0.019900
0,0.021408
0,0.015934
0,0.018654
0,0.020322
0,0.019218
0,0.019261
0,0.019072
0,0.019518
0,0.022873
0,0.035547
0,0.021023
0,0.017426
0,0.016743
0,0.021484
0,0.015989
0,0.019012
0,0.017849
0,0.021060
0,0.026703
0,0.024131
0,0.022221
0,0.017960
0,0.017089
0,0.019490
0,0.017857
0,0.017185
0,0.018007
0,0.021031
0,0.026230
0,0.022836
0,0.021217
0,0.018595
0,0.018751
0,0.020484
0,0.020118
0,0.019040
0,0.017864
0,0.017188
0,0.020828
0,0.022718
0,0.017188
0,0.027281
0,0.018752
0,0.018663
0,0.017179
0,0.016275
0,0.019713
0,0.017397
0,0.020468
0,0.028562
0,0.019050
0,0.019819
0,0.019216
0,0.022474
0,0.017374
0,0.017955
0,0.018053
0,0.018283
0,0.021272
0,0.025213
0,0.017157
0,0.018311
0,0.019601
0,0.022238
0,0.021575
0,0.015925
0,0.019268
0,0.019674
0,0.019547
0,0.026542
0,0.019496
0,0.020577
0,0.019655
0,0.022476
0,0.021063
0,0.019120
0,0.020031
0,0.021786
0,0.030208
0,0.022568
0,0.019955
0,0.022112
0,0.019855
0,0.018220
0,0.017253
0,0.019144
0,0.026370
0,0.033819
0,0.022531
0,0.019527
0,0.018104
0,0.021693
0,0.019977
0,0.016831
0,0.017323
0,0.019961
0,0.020293
0,0.016158
0,0.020137
0,0.017647
0,0.017351
0,0.019046
0,0.020033
0,0.017686
0,0.016489
0,0.017666
0,0.022396
0,0.019581
0,0.030063
0,0.027264
0,0.024232
0,0.020477
0,0.019136
0,0.018981
0,0.020171
0,0.018648
0,0.019125
0,0.019030
0,0.018781
0,0.022010
0,0.028306
0,0.022874
0,0.020994
0,0.019596
0,0.016437
0,0.019187
0,0.017685
0,0.017130
0,0.027573
0,0.019468
0,0.018946
0,0.021104
0,0.017720
0,0.017254
0,0.018942
0,0.017914
0,0.022329
0,0.025539
0,0.024007
0,0.020728
0,0.021608
0,0.019766
0,0.017727
0,0.018603
0,0.016810
0,0.016041
0,0.022569
0,0.020281
0,0.034293
0,0.022567
0,0.021365
0,0.017956
0,0.018485
0,0.017116
0,0.018553
0,0.020392
0,0.017440
0,0.016373
0,0.020308
0,0.016405
0,0.019855
0,0.019643
0,0.017292
0,0.016944
0,0.021485
0,0.017711
0,0.021544
0,0.020957
0,0.026663
0,0.020697
0,0.026716
0,0.023572
0,0.021787
0,0.020458
0,0.017402
0,0.022318
0,0.017431
0,0.017220
0,0.019143
0,0.020987
0,0.020813
0,0.023982
0,0.025481
0,0.021568
0,0.018363
0,0.020626
0,0.015949
0,0.026170
0,0.020101
0,0.019825
0,0.019768
0,0.018352
0,0.018841
0,0.021691
0,0.020128
0,0.028204
0,0.022220
0,0.023579
0,0.022514
0,0.021279
0,0.017350
0,0.016447
0,0.016963
0,0.018852
0,0.020024
0,0.016766
0,0.024927
0,0.030193
0,0.025992
0,0.019639
0,0.017318
0,0.016709
0,0.019221
0,0.018686
0,0.017319
0,0.019263
0,0.017049
0,0.017711
0,0.020971
0,0.019351
0,0.019964
0,0.018768
0,0.016833
0,0.021419
0,0.022497
0,0.020169
0,0.027271
0,0.019052
0,0.022681
0,0.019953
0,0.026670
0,0.021319
0,0.022242
0,0.019271
0,0.016517
0,0.019714
0,0.016650
0,0.018909
0,0.019482
0,0.018086
0,0.017504
0,0.018806
0,0.029686
0,0.027727
0,0.019451
0,0.024234
0,0.020527
0,0.019128
0,0.018431
0,0.017107
0,0.020005
0,0.017935
0,0.019046
0,0.022175
0,0.016536
0,0.019550
0,0.018353
0,0.016892
0,0.018783
0,0.019383
0,0.016830
0,0.019710
0,0.019091
0,0.018907
0,0.020266
0,0.016575
0,0.023121
0,0.019777
0,0.019605
0,0.020352
0,0.019957
0,0.022734
0,0.021889
0,0.021589
0,0.022192
0,0.019134
0,0.019252
0,0.016208
0,0.016937
0,0.021700
0,0.025562
0,0.025038
0,0.020674
0,0.022726
0,0.016342
0,0.017128
0,0.030576
0,0.018433
0,0.020306
0,0.017581
0,0.019564
0,0.017253
0,0.021285
0,0.026328
0,0.020497
0,0.017099
0,0.021541
0,0.020342
0,0.020116
0,0.018081
0,0.017570
0,0.019893
0,0.020835
0,0.019917
0,0.017202
0,0.017302
0,0.026166
0,0.022581
0,0.024325
0,0.024360
0,0.022571
0,0.017183
0,0.019091
0,0.025932
0,0.017259
0,0.019959
0,0.020412
0,0.025793
0,0.022530
0,0.019887
0,0.020047
0,0.018101
0,0.019263
0,0.019654
0,0.016408
0,0.027177
0,0.019292
0,0.024811
0,0.024064
0,0.020589
0,0.021155
0,0.020683
0,0.022339
0,0.017399
0,0.023185
0,0.019918
0,0.022227
0,0.024700
0,0.022748
0,0.028879
0,0.022296
0,0.017883
0,0.017064
0,0.027460
0,0.019203
0,0.020579
0,0.017611
0,0.020404
0,0.019858
0,0.021952
0,0.020632
0,0.021396
0,0.021055
0,0.023895
0,0.023885
0,0.023052
0,0.020513
0,0.017427
0,0.018351
0,0.016391
0,0.021543
0,0.018764
0,0.025775
0,0.028610
0,0.025242
0,0.021485
0,0.018741
0,0.016427
0,0.021662
0,0.018910
0,0.018301
0,0.020115
0,0.017156
0,0.017801
0,0.019921
0,0.017424
0,0.018708
0,0.021141
0,0.023805
0,0.024846
0,0.021264
0,0.027123
0,0.021709
0,0.018856
0,0.018993
0,0.016054
0,0.017976
0,0.020083
0,0.021606
0,0.029575
0,0.024986
0,0.019030
0,0.017397
0,0.020061
0,0.017440
0,0.018838
0,0.016672
0,0.017611
0,0.018211
0,0.018847
0,0.017939
0,0.018004
0,0.025085
0,0.021478
0,0.019098
0,0.018006
0,0.019069
0,0.020248
0,0.018772
0,0.020239
0,0.018025
0,0.018796
0,0.019581
0,0.021633
0,0.025226
0,0.020683
0,0.020400
0,0.022354
0,0.016640
0,0.020034
0,0.019013
0,0.026363
0,0.021001
0,0.023571
0,0.019295
0,0.022307
0,0.026793
0,0.021378
0,0.022903
0,0.016815
0,0.017764
0,0.019202
0,0.019056
0,0.020920
0,0.017838
0,0.019005
0,0.019826
0,0.016362
0,0.018949
0,0.019492
0,0.019342
0,0.032623
0,0.024516
0,0.023532
0,0.019406
0,0.018651
0,0.017373
0,0.016252
0,0.019115
0,0.018011
0,0.018498
0,0.022214
0,0.025996
0,0.025038
0,0.018233
0,0.019024
0,0.018347
0,0.016446
0,0.020001
0,0.017210
0,0.019918
0,0.027675
0,0.020141
0,0.021673
0,0.018188
0,0.018635
0,0.019539
0,0.026186
0,0.021773
0,0.018743
0,0.017415
0,0.019083
0,0.020950
0,0.027883
0,0.023616
0,0.022091
0,0.019239
0,0.019612
0,0.019938
0,0.019595
0,0.027004
0,0.019818
0,0.019514
0,0.019595
0,0.018949
0,0.023018
0,0.022368
0,0.023229
0,0.020182
0,0.016555
0,0.019848
0,0.021543
0,0.017494
0,0.027222
0,0.023397
0,0.021844
0,0.021508
0,0.018595
0,0.017071
0,0.025984
0,0.021693
0,0.018448
0,0.016944
0,0.016895
0,0.017050
0,0.018067
0,0.017922
0,0.017014
0,0.021378
0,0.019708
0,0.019305
0,0.017653
0,0.020649
0,0.018229
0,0.018860
0,0.017399
0,0.021530
0,0.017547
0,0.019180
0,0.017897
0,0.028900
0,0.021802
0,0.020196
0,0.019134
0,0.019374
0,0.018784
0,0.018811
0,0.021771
0,0.017986
0,0.021811
0,0.021120
0,0.028976
0,0.023078
0,0.023916
0,0.017932
0,0.018860
0,0.019701
0,0.024751
0,0.038968
0,0.022335
0,0.020347
0,0.017948
0,0.019978
0,0.017413
0,0.020557
0,0.019321
0,0.017008
0,0.019762
0,0.020527
0,0.024009
0,0.024819
0,0.020695
0,0.021346
0,0.018063
0,0.020945
0,0.019216
0,0.019235
0,0.036089
0,0.026381
0,0.019916
0,0.017754
0,0.019331
0,0.017554
0,0.017385
0,0.018797
0,0.018004
0,0.018139
0,0.018124
0,0.016925
0,0.019597
0,0.016398
0,0.016732
0,0.022942
0,0.017244
0,0.016648
0,0.023439
0,0.018830
0,0.021804
0,0.033337
0,0.025945
0,0.020013
0,0.018800
0,0.018284
0,0.019556
0,0.020167
0,0.016839
0,0.019526
0,0.018919
0,0.021617
0,0.028296
0,0.020749
0,0.020007
0,0.018187
0,0.018478
0,0.020517
0,0.019232
0,0.016573
0,0.027478
0,0.020719
0,0.020330
0,0.018514
0,0.017458
0,0.020593
0,0.018845
0,0.022257
0,0.023790
0,0.023966
0,0.021112
0,0.020468
0,0.022801
0,0.021401
0,0.017600
0,0.017138
0,0.019038
0,0.017585
0,0.022501
0,0.034714
0,0.025018
0,0.017849
0,0.017876
0,0.016327
0,0.020680
0,0.018265
0,0.019016
0,0.020262
0,0.018345
0,0.021728
0,0.016658
0,0.019712
0,0.018081
0,0.017978
0,0.017732
0,0.017302
0,0.019793
0,0.019389
0,0.017121
0,0.019036
0,0.031092
0,0.026968
0,0.022978
0,0.020816
0,0.018761
0,0.018621
0,0.020116
0,0.017927
0,0.015949
0,0.016786
0,0.018113
0,0.019817
0,0.019473
0,0.029212
0,0.021980
0,0.021092
0,0.018422
0,0.019170
0,0.019476
0,0.028130
0,0.022507
0,0.018989
0,0.017480
0,0.018209
0,0.017262
0,0.018227
0,0.018529
0,0.020985
0,0.017299
0,0.022235
0,0.031372
0,0.021688
0,0.020158
0,0.018715
0,0.020585
0,0.020450
0,0.017077
0,0.016827
0,0.017062
0,0.032475
0,0.027617
0,0.023062
0,0.017963
0,0.019380
0,0.021512
0,0.023772
0,0.017218
0,0.016909
0,0.019568
0,0.019381
0,0.022645
0,0.017248
0,0.018296
0,0.021654
0,0.018463
0,0.019168
0,0.019841
0,0.020086
0,0.027791
0,0.024068
0,0.019278
0,0.019991
0,0.021905
0,0.026567
0,0.021432
0,0.021504
0,0.019998
0,0.017371
0,0.015912
0,0.019262
0,0.020725
0,0.018121
0,0.016862
0,0.016911
0,0.018709
0,0.020739
0,0.034806
0,0.028553
0,0.025981
0,0.018352
0,0.016344
0,0.019293
0,0.017245
0,0.023894
0,0.016555
0,0.019627
0,0.018985
0,0.017698
0,0.022229
0,0.019571
0,0.017384
0,0.018222
0,0.017365
0,0.016537
0,0.023440
0,0.016504
0,0.018757
0,0.025144
0,0.021251
0,0.024430
0,0.017372
0,0.021592
0,0.021920
0,0.026131
0,0.022255
0,0.020621
0,0.019612
0,0.017835
0,0.018553
0,0.019999
0,0.021350
0,0.027241
0,0.021184
0,0.021759
0,0.017450
0,0.016730
0,0.025135
0,0.021222
0,0.023586
0,0.017281
0,0.017932
0,0.017580
0,0.018397
0,0.018487
0,0.018692
0,0.017316
0,0.016136
0,0.018009
0,0.020130
0,0.018456
0,0.020733
0,0.020821
0,0.019944
0,0.020349
0,0.018481
0,0.019223
0,0.025940
0,0.026381
0,0.020700
0,0.018790
0,0.024572
0,0.030709
0,0.022062
0,0.019946
0,0.017069
0,0.016684
0,0.019015
0,0.018509
0,0.017318
0,0.017662
0,0.015971
0,0.017101
0,0.019657
0,0.022946
0,0.026517
0,0.020831
0,0.027779
0,0.022858
0,0.019341
0,0.019347
0,0.020061
0,0.019971
0,0.019992
0,0.018063
0,0.019012
0,0.017262
0,0.019038
0,0.021675
0,0.019122
0,0.018466
0,0.018842
0,0.017243
0,0.020860
0,0.024684
0,0.025525
0,0.020656
0,0.028839
0,0.019226
0,0.018988
0,0.020582
0,0.019586
0,0.019435
0,0.020617
0,0.016479
0,0.020260
0,0.027449
0,0.026744
0,0.019107
0,0.016669
0,0.020916
0,0.017307
0,0.021516
0,0.016532
0,0.019313
0,0.019495
0,0.023110
0,0.023524
0,0.019291
0,0.019954
0,0.018611
0,0.018476
0,0.024889
0,0.018147
0,0.032017
0,0.031973
0,0.023886
0,0.016962
0,0.018367
0,0.019974
0,0.019656
0,0.021262
0,0.020218
0,0.022039
0,0.020634
0,0.037066
0,0.023882
0,0.018171
0,0.018310
0,0.018496
0,0.020721
0,0.017587
0,0.016299
0,0.020439
0,0.018406
0,0.020154
0,0.020462
0,0.017490
0,0.019988
0,0.018537
0,0.019876
0,0.019638
0,0.019287
0,0.016399
0,0.020224
0,0.028405
0,0.021359
0,0.017653
0,0.019203
0,0.022497
0,0.026748
0,0.022559
0,0.019050
0,0.019612
0,0.018481
0,0.018247
0,0.016408
0,0.020059
0,0.017253
0,0.018453
0,0.019533
0,0.029082
0,0.023789
0,0.021445
0,0.027829
0,0.022043
0,0.018031
0,0.018487
0,0.018590
0,0.016608
0,0.020288
0,0.018248
0,0.018733
0,0.019889
0,0.019877
0,0.023219
0,0.024809
0,0.021594
0,0.026608
0,0.021984
0,0.018035
0,0.019320
0,0.017422
0,0.026204
0,0.019627
0,0.019865
0,0.024199
0,0.027133
0,0.022793
0,0.018843
0,0.017839
0,0.018002
0,0.019517
0,0.018970
0,0.019382
0,0.020032
0,0.017509
0,0.018489
0,0.017911
0,0.019842
0,0.016782
0,0.020360
0,0.019843
0,0.029738
0,0.023317
0,0.023796
0,0.028232
0,0.024684
0,0.020205
0,0.020150
0,0.018693
0,0.016588
0,0.018745
0,0.018703
0,0.017766
0,0.021948
0,0.026419
0,0.024822
0,0.021429
0,0.019444
0,0.017023
0,0.017744
0,0.028160
0,0.017805
0,0.018652
0,0.017627
0,0.017088
0,0.020131
0,0.020536
0,0.018761
0,0.017887
0,0.018690
0,0.020117
0,0.020381
0,0.020562
0,0.019451
0,0.017651
0,0.017046
0,0.019786
0,0.015862
0,0.018859
0,0.017663
0,0.027839
0,0.025159
0,0.019954
0,0.019516
0,0.017073
0,0.018121
0,0.021294
0,0.017435
0,0.020042
0,0.020894
0,0.017451
0,0.022054
0,0.016577
0,0.019187
0,0.018215
0,0.018024
0,0.018277
0,0.020278
0,0.016455
0,0.019889
0,0.019563
0,0.028069
0,0.019634
0,0.018321
0,0.018630
0,0.018580
0,0.017161
0,0.019367
0,0.017449
0,0.018048
0,0.018676
0,0.016422
0,0.019529
0,0.023244
0,0.018400
0,0.018661
0,0.016386
0,0.017993
0,0.022149
0,0.026063
0,0.023601
0,0.028299
0,0.023761
0,0.019905
0,0.017177
0,0.018666
0,0.016245
0,0.019689
0,0.019029
0,0.028442
0,0.026161
0,0.020267
0,0.020289
0,0.016186
0,0.017777
0,0.017885
0,0.018598
0,0.021214
0,0.017396
0,0.016989
0,0.026923
0,0.028355
0,0.020433
0,0.018402
0,0.016054
0,0.020766
0,0.022753
0,0.019434
0,0.021238
0,0.024847
0,0.023076
0,0.021153
0,0.019717
0,0.016566
0,0.022035
0,0.016645
0,0.018633
0,0.017281
0,0.019722
0,0.029319
0,0.032927
0,0.020909
0,0.018597
0,0.017760
0,0.019364
0,0.020204
0,0.017758
0,0.017831
0,0.018280
0,0.021368
0,0.019916
0,0.018528
0,0.019189
0,0.018068
0,0.019754
0,0.019528
0,0.019816
0,0.020283
0,0.021854
0,0.028240
0,0.029965
0,0.019941
0,0.016551
0,0.019867
0,0.018240
0,0.024675
0,0.019990
0,0.015996
0,0.017490
0,0.021333
0,0.028546
0,0.023947
0,0.017983
0,0.019012
0,0.021017
0,0.019826
0,0.018903
0,0.016718
0,0.017378
0,0.026147
0,0.023142
0,0.019215
0,0.018919
0,0.019218
0,0.023498
0,0.019193
0,0.022994
0,0.019837
0,0.016352
0,0.020814
0,0.017973
0,0.021888
0,0.024830
0,0.024526
0,0.021208
0,0.017109
0,0.017886
0,0.017050
0,0.015551
0,0.026758
0,0.020887
0,0.019066
0,0.018442
0,0.022941
0,0.033229
0,0.021067
0,0.020395
0,0.019136
0,0.022698
0,0.016690
0,0.018403
0,0.019063
0,0.017883
0,0.020370
0,0.020261
0,0.017710
0,0.019148
0,0.017169
0,0.018851
0,0.029936
0,0.019866
0,0.023527
0,0.026609
0,0.025278
0,0.019475
0,0.016029
0,0.017635
0,0.017302
0,0.019704
0,0.015791
0,0.018193
0,0.024082
0,0.024149
0,0.027213
0,0.020444
0,0.017050
0,0.017650
0,0.017265
0,0.027508
0,0.018012
0,0.017584
0,0.017444
0,0.017721
0,0.022761
0,0.020735
0,0.019560
0,0.017809
0,0.019179
0,0.020908
0,0.020694
0,0.020058
0,0.020139
0,0.020640
0,0.021826
0,0.024835
0,0.020588
0,0.021431
0,0.027124
0,0.021576
0,0.015902
0,0.018577
0,0.020078
0,0.030881
0,0.025239
0,0.019480
0,0.021353
0,0.018766
0,0.020253
0,0.019021
0,0.020148
0,0.023760
0,0.028498
0,0.022256
0,0.023324
0,0.022063
0,0.027717
0,0.024993
0,0.018340
0,0.020695
0,0.022943
0,0.020124
0,0.018041
0,0.019434
0,0.019142
0,0.021018
0,0.020591
0,0.020914
0,0.019089
0,0.019540
0,0.019976
0,0.019742
0,0.017530
0,0.019786
0,0.016275
0,0.018140
0,0.016815
0,0.029827
0,0.025092
0,0.024070
0,0.022390
0,0.021199
0,0.020119
0,0.018904
0,0.017108
0,0.016992
0,0.020332
0,0.027617
0,0.025450
0,0.022156
0,0.020783
0,0.017632
0,0.017224
0,0.016789
0,0.017772
0,0.027403
0,0.024271
0,0.026147
0,0.016389
0,0.019062
0,0.020259
0,0.024478
0,0.026432
0,0.022653
0,0.020846
0,0.018179
0,0.017802
0,0.019555
0,0.019562
0,0.024919
0,0.019715
0,0.019500
0,0.018294
0,0.018508
0,0.025943
0,0.022271
0,0.019304
0,0.019951
0,0.028822
0,0.023443
0,0.018725
0,0.018086
0,0.017324
0,0.016149
0,0.020206
0,0.018978
0,0.020135
0,0.018056
0,0.017091
0,0.021338
0,0.024471
0,0.030154
0,0.019513
0,0.022601
0,0.021620
0,0.018016
0,0.019343
0,0.018224
0,0.022433
0,0.021091
0,0.017005
0,0.019516
0,0.018897
0,0.022961
0,0.018095
0,0.019708
0,0.020202
0,0.024903
0,0.026747
0,0.022254
0,0.016942
0,0.017955
0,0.017958
0,0.029951
0,0.019765
0,0.019876
0,0.018427
0,0.020987
0,0.029063
0,0.022180
0,0.020894
0,0.017115
0,0.018827
0,0.017610
0,0.016733
0,0.016798
0,0.018999
0,0.020108
0,0.023000
0,0.017693
0,0.016152
0,0.019291
0,0.018068
0,0.030783
0,0.026637
0,0.022830
0,0.021560
0,0.020794
0,0.018223
0,0.016892
0,0.018332
0,0.016447
0,0.019859
0,0.019299
0,0.020081
0,0.027683
0,0.022940
0,0.023058
0,0.017133
0,0.016634
0,0.016863
0,0.020738
0,0.019918
0,0.024917
0,0.018703
0,0.016442
0,0.018772
0,0.019559
0,0.018108
0,0.017391
0,0.021735
0,0.019899
0,0.017476
0,0.019925
0,0.018035
0,0.018804
0,0.025528
0,0.026528
0,0.020645
0,0.018566
0,0.018593
0,0.018981
0,0.018063
0,0.026311
0,0.020465
0,0.019738
0,0.019718
0,0.020898
0,0.028651
0,0.022881
0,0.021556
0,0.019518
0,0.017574
0,0.018500
0,0.017182
0,0.015910
0,0.018873
0,0.018424
0,0.016940
0,0.018886
0,0.019382
0,0.022899
0,0.021841
0,0.033761
0,0.025291
0,0.023295
0,0.021890
0,0.018719
0,0.019334
0,0.016470
0,0.018020
0,0.024101
0,0.017335
0,0.021810
0,0.027266
0,0.024763
0,0.019168
0,0.018830
0,0.016691
0,0.016287
0,0.019204
0,0.018193
0,0.026758
0,0.019475
0,0.016159
0,0.019872
0,0.020415
0,0.018147
0,0.018551
0,0.022877
0,0.025784
0,0.020752
0,0.018022
0,0.019840
0,0.018542
0,0.020569
0,0.030042
0,0.022968
0,0.021444
0,0.020562
0,0.020587
0,0.028660
0,0.019957
0,0.017808
0,0.017591
0,0.021387
0,0.017467
0,0.019503
0,0.020467
0,0.018410
0,0.022778
0,0.017306
0,0.023259
0,0.020690
0,0.019418
0,0.021241
0,0.018439
0,0.020847
0,0.027144
0,0.025534
0,0.024032
0,0.017580
0,0.018549
0,0.017153
0,0.020980
0,0.018220
0,0.016921
0,0.018455
0,0.016385
0,0.018841
0,0.019399
0,0.017663
0,0.017219
0,0.019911
0,0.018108
0,0.021475
0,0.019993
0,0.018309
0,0.019141
0,0.017224
0,0.019918
0,0.030788
0,0.020267
0,0.019005
0,0.017756
0,0.022573
0,0.017112
0,0.023169
0,0.016680
0,0.018775
0,0.019526
0,0.018213
0,0.017731
0,0.019496
0,0.021945
0,0.028339
0,0.022084
0,0.020114
0,0.018867
0,0.019056
0,0.027204
0,0.034025
0,0.022529
0,0.021569
0,0.020035
0,0.018208
0,0.017934
0,0.020387
0,0.019298
0,0.019766
0,0.019356
0,0.024082
0,0.025806
0,0.022038
0,0.020077
0,0.019900
0,0.018054
0,0.019519
0,0.020482
0,0.031598
0,0.027746
0,0.024258
0,0.019175
0,0.018080
0,0.018895
0,0.017008
0,0.018116
0,0.017440
0,0.018346
0,0.018423
0,0.017038
0,0.020613
0,0.017917
0,0.019713
0,0.019299
0,0.016398
0,0.016959
0,0.018046
0,0.018465
0,0.022496
0,0.026949
0,0.023032
0,0.025228
0,0.022395
0,0.021050
0,0.022559
0,0.016698
0,0.022912
0,0.018010
0,0.017370
0,0.017193
0,0.020890
0,0.029850
0,0.022167
0,0.020786
0,0.016923
0,0.017175
0,0.020028
0,0.023600
0,0.022421
0,0.019973
0,0.019725
0,0.020056
0,0.017273
0,0.021205
0,0.016223
0,0.018026
0,0.019974
0,0.017501
0,0.021023
0,0.021952
0,0.025994
0,0.023528
0,0.019339
0,0.018093
0,0.017041
0,0.016418
0,0.020583
0,0.016601
0,0.029733
0,0.021308
0,0.026420
0,0.024270
0,0.018516
0,0.017518
0,0.018654
0,0.020105
0,0.019692
0,0.015801
0,0.018151
0,0.018766
0,0.016939
0,0.021978
0,0.016977
0,0.017334
0,0.018190
0,0.019723
0,0.017246
0,0.019256
0,0.026705
0,0.024765
0,0.020396
0,0.024963
0,0.022496
0,0.027403
0,0.021577
0,0.020246
0,0.017129
0,0.017384
0,0.018191
0,0.017071
0,0.021563
0,0.021498
0,0.020338
0,0.023179
0,0.024178
0,0.023239
0,0.027146
0,0.020173
0,0.020060
0,0.019812
0,0.020184
0,0.016936
0,0.017660
0,0.019037
0,0.019494
0,0.020129
0,0.018703
0,0.019216
0,0.022863
0,0.025718
0,0.024427
0,0.019872
0,0.018184
0,0.018863
0,0.020342
0,0.022286
0,0.024820
0,0.019128
0,0.022588
0,0.026640
0,0.023748
0,0.018976
0,0.019722
0,0.016104
0,0.019479
0,0.018180
0,0.016955
0,0.019669
0,0.020502
0,0.020530
0,0.019108
0,0.017283
0,0.017952
0,0.018837
0,0.018977
0,0.018219
0,0.030497
0,0.024232
0,0.023061
0,0.021128
0,0.021950
0,0.022034
0,0.022984
0,0.021204
0,0.016034
0,0.019988
0,0.018872
0,0.018536
0,0.017945
0,0.022515
0,0.017840
0,0.017014
0,0.019972
0,0.018769
0,0.027429
0,0.033813
0,0.021653
0,0.018555
0,0.018131
0,0.019496
0,0.017225
0,0.017207
0,0.016836
0,0.017850
0,0.018324
0,0.020793
0,0.017253
0,0.019476
0,0.020449
0,0.020884
0,0.019783
0,0.018273
0,0.016182
0,0.021489
0,0.020096
0,0.024777
0,0.021376
0,0.017005
0,0.022034
0,0.018020
0,0.018559
0,0.020709
0,0.021948
0,0.025597
0,0.022112
0,0.020438
0,0.019076
0,0.015512
0,0.021802
0,0.016997
0,0.020277
0,0.025914
0,0.023911
0,0.022925
0,0.025307
0,0.021740
0,0.017269
0,0.019953
0,0.022895
0,0.017189
0,0.017405
0,0.017606
0,0.017355
0,0.026615
0,0.019518
0,0.016977
0,0.017321
0,0.018744
0,0.020385
0,0.019326
0,0.017920
0,0.019573
0,0.019958
0,0.019908
0,0.017074
0,0.028692
0,0.019414
0,0.020595
0,0.022537
0,0.018265
0,0.017308
0,0.017375
0,0.016495
0,0.020209
0,0.019136
0,0.018150
0,0.026932
0,0.020731
0,0.022835
0,0.018347
0,0.019905
0,0.021079
0,0.017264
0,0.021061
0,0.020910
0,0.035620
0,0.020331
0,0.022963
0,0.019655
0,0.017140
0,0.019775
0,0.017238
0,0.024396
0,0.021126
0,0.018516
0,0.020287
0,0.016676
0,0.021648
0,0.018051
0,0.020093
0,0.025449
0,0.023171
0,0.023808
0,0.022906
0,0.019856
0,0.018256
0,0.016898
0,0.018438
0,0.017570
0,0.018703
0,0.025224
0,0.024784
0,0.023440
0,0.018653
0,0.017986
0,0.018253
0,0.018762
0,0.018256
0,0.019590
0,0.017454
0,0.025959
0,0.019967
0,0.019915
0,0.025145
0,0.020509
0,0.020045
0,0.023995
0,0.023294
0,0.025567
0,0.022856
0,0.022295
0,0.020278
0,0.017917
0,0.017281
0,0.015593
0,0.017972
0,0.018798
0,0.017511
0,0.017497
0,0.019105
0,0.032849
0,0.025413
0,0.026176
0,0.017544
0,0.018281
0,0.020105
0,0.016638
0,0.020520
0,0.016894
0,0.018183
0,0.020477
0,0.017101
0,0.016909
0,0.017542
0,0.019803
0,0.021457
0,0.019877
0,0.017472
0,0.017080
0,0.019651
0,0.023629
0,0.025822
0,0.020718
0,0.028267
0,0.019082
0,0.026468
0,0.019158
0,0.016946
0,0.017235
0,0.018680
0,0.025313
0,0.025207
0,0.022541
0,0.018724
0,0.017692
0,0.021929
0,0.017538
0,0.018709
0,0.017338
0,0.016622
0,0.020181
0,0.018762
0,0.024999
0,0.021960
0,0.019941
0,0.024093
0,0.022406
0,0.024653
0,0.022708
0,0.024673
0,0.017602
0,0.017011
0,0.017864
0,0.016472
0,0.018754
0,0.020389
0,0.019943
0,0.020457
0,0.024535
0,0.029359
0,0.019830
0,0.026179
0,0.017904
0,0.017687
0,0.021808
0,0.017381
0,0.016302
0,0.018683
0,0.019931
0,0.019094
0,0.018060
0,0.016612
0,0.016446
0,0.019414
0,0.018065
0,0.019600
0,0.019207
0,0.018949
0,0.022789
0,0.025398
0,0.023473
0,0.018854
0,0.027767
0,0.020635
0,0.021094
0,0.021034
0,0.018066
0,0.020763
0,0.025709
0,0.027244
0,0.017998
0,0.021850
0,0.024730
0,0.022175
0,0.018536
0,0.016749
0,0.018645
0,0.018394
0,0.017527
0,0.026359
0,0.028557
0,0.026362
0,0.022383
0,0.019639
0,0.018823
0,0.017257
0,0.019121
0,0.016458
0,0.019538
0,0.019101
0,0.019261
0,0.018513
0,0.019069
0,0.023920
0,0.019817
0,0.018250
0,0.021068
0,0.026466
0,0.025588
0,0.026664
0,0.020634
0,0.020495
0,0.019887
0,0.017950
0,0.017102
0,0.015694
0,0.021214
0,0.027316
0,0.025573
0,0.018398
0,0.016919
0,0.017608
0,0.020360
0,0.018928
0,0.015836
0,0.017509
0,0.019227
0,0.017395
0,0.018742
0,0.017607
0,0.024614
0,0.018230
0,0.019367
0,0.021236
0,0.019532
0,0.020007
0,0.017007
0,0.019754
0,0.020069
0,0.019141
0,0.018070
0,0.018587
0,0.021980
0,0.020442
0,0.019037
0,0.020497
0,0.017841
0,0.018718
0,0.018625
0,0.019889
0,0.027326
0,0.027917
0,0.025093
0,0.020840
0,0.019043
0,0.016896
0,0.016436
0,0.018655
0,0.019498
0,0.020547
0,0.026956
0,0.022455
0,0.022412
0,0.019209
0,0.018487
0,0.018576
0,0.018592
0,0.024345
0,0.018462
0,0.022554
0,0.021323
0,0.017714
0,0.021075
0,0.017646
0,0.019967
0,0.018082
0,0.019649
0,0.022645
0,0.018856
0,0.018967
0,0.017622
0,0.017666
0,0.026633
0,0.022112
0,0.022877
0,0.018751
0,0.019563
0,0.019491
0,0.018232
0,0.025551
0,0.021637
0,0.021240
0,0.027980
0,0.026199
0,0.023053
0,0.016900
0,0.019426
0,0.018430
0,0.017155
0,0.019244
0,0.016986
0,0.022751
0,0.018941
0,0.016259
0,0.018844
0,0.016408
0,0.019028
0,0.018605
0,0.018963
0,0.027551
0,0.021085
0,0.021625
0,0.022858
0,0.025097
0,0.027184
0,0.026918
0,0.020294
0,0.017869
0,0.019674
0,0.016615
0,0.018506
0,0.019310
0,0.018095
0,0.020945
0,0.029168
0,0.023198
0,0.018881
0,0.016206
0,0.026398
0,0.018658
0,0.019243
0,0.019781
0,0.018411
0,0.018943
0,0.018092
0,0.019710
0,0.018517
0,0.018380
0,0.017693
0,0.018655
0,0.018008
0,0.022441
0,0.018893
0,0.019706
0,0.023784
0,0.027023
0,0.021848
0,0.019809
0,0.028595
0,0.018366
0,0.018226
0,0.017367
0,0.016709
0,0.016214
0,0.020048
0,0.026216
0,0.025643
0,0.020191
0,0.016639
0,0.019633
0,0.019733
0,0.018387
0,0.016538
0,0.016751
0,0.017872
0,0.017397
0,0.020966
0,0.020249
0,0.024240
0,0.019974
0,0.019324
0,0.017310
0,0.017761
0,0.019913
0,0.019574
0,0.021378
0,0.022056
0,0.024864
0,0.021667
0,0.023105
0,0.019471
0,0.017943
0,0.019555
0,0.017569
0,0.016162
0,0.024699
0,0.020240
0,0.022946
0,0.032607
0,0.024419
0,0.016837
0,0.023623
0,0.018642
0,0.017812
0,0.019895
0,0.018670
0,0.018998
0,0.016858
0,0.016167
0,0.019169
0,0.018237
0,0.016696
0,0.019993
0,0.018867
0,0.020129
0,0.028926
0,0.021147
0,0.028939
0,0.018461
0,0.021291
0,0.017256
0,0.016656
0,0.019441
0,0.018029
0,0.024880
0,0.024349
0,0.024989
0,0.018893
0,0.018600
0,0.020918
0,0.019159
0,0.020679
0,0.016782
0,0.018856
0,0.021056
0,0.019710
0,0.018877
0,0.024442
0,0.019806
0,0.022093
0,0.017086
0,0.017086
0,0.016463
0,0.019659
0,0.026191
0,0.018164
0,0.019527
0,0.017761
0,0.023138
0,0.029137
0,0.017795
0,0.018983
0,0.021184
0,0.016981
0,0.021405
0,0.017060
0,0.017555
0,0.024922
0,0.018292
0,0.022420
0,0.023852
0,0.025798
0,0.020414
0,0.018278
0,0.018464
0,0.019021
0,0.019841
0,0.018595
0,0.015940
0,0.019821
0,0.018754
0,0.018246
0,0.018651
0,0.019476
0,0.019085
0,0.020159
0,0.019836
0,0.026963
0,0.018408
0,0.026055
0,0.018055
0,0.018724
0,0.020285
0,0.016653
0,0.020946
0,0.017917
0,0.017425
0,0.016188
0,0.019372
0,0.020058
0,0.022023
0,0.022005
0,0.023010
0,0.020988
0,0.020746
0,0.018915
0,0.017889
0,0.026529
0,0.023764
0,0.027752
0,0.020753
0,0.020361
0,0.021292
0,0.019041
0,0.017920
0,0.018546
0,0.016927
0,0.019872
0,0.019483
0,0.017851
0,0.020364
0,0.018384
0,0.019319
0,0.018281
0,0.017818
0,0.018321
0,0.016680
0,0.024099
0,0.022865
0,0.021366
0,0.020389
0,0.019237
0,0.019734
0,0.022125
0,0.020130
0,0.026706
0,0.016848
0,0.025741
0,0.021035
0,0.020730
0,0.025539
0,0.020862
0,0.019854
0,0.017780
0,0.018610
0,0.018360
0,0.022889
0,0.022111
0,0.020725
0,0.015926
0,0.020289
0,0.024264
0,0.031045
0,0.020594
0,0.019388
0,0.018099
0,0.018971
0,0.018870
0,0.019898
0,0.018641
0,0.019453
0,0.016506
0,0.019808
0,0.024285
0,0.025690
0,0.027936
0,0.020854
0,0.019726
0,0.017176
0,0.017994
0,0.018463
0,0.017536
0,0.020759
0,0.017425
0,0.020113
0,0.016087
0,0.021485
0,0.020026
0,0.018819
0,0.018710
0,0.024847
0,0.020738
0,0.029836
0,0.022256
0,0.020960
0,0.028802
0,0.022271
0,0.017753
0,0.019394
0,0.018335
0,0.019745
0,0.020356
0,0.023364
0,0.026593
0,0.020212
0,0.019161
0,0.019413
0,0.016396
0,0.016926
0,0.017840
0,0.016091
0,0.020276
0,0.019016
0,0.018315
0,0.018067
0,0.024486
0,0.022253
0,0.018630
0,0.018812
0,0.026187
0,0.024007
0,0.025227
0,0.019737
0,0.016149
0,0.018285
0,0.018131
0,0.019405
0,0.018029
0,0.018169
0,0.024053
0,0.025739
0,0.022727
0,0.018341
0,0.015898
0,0.026087
0,0.021393
0,0.019029
0,0.018767
0,0.018194
0,0.017441
0,0.018338
0,0.020277
0,0.020011
0,0.017842
0,0.022225
0,0.017277
0,0.021992
0,0.019172
0,0.018838
0,0.023213
0,0.025366
0,0.026020
0,0.019575
0,0.018702
0,0.026516
0,0.019096
0,0.019090
0,0.016644
0,0.020270
0,0.018367
0,0.020485
0,0.023745
0,0.024130
0,0.021326
0,0.020715
0,0.019804
0,0.018389
0,0.017452
0,0.016081
0,0.017953
0,0.019715
0,0.018444
0,0.022120
0,0.019135
0,0.031148
0,0.022131
0,0.019408
0,0.021343
0,0.024079
0,0.023762
0,0.022122
0,0.021013
0,0.018786
0,0.016963
0,0.017718
0,0.018530
0,0.017891
0,0.016095
0,0.019518
0,0.026603
0,0.026920
0,0.024592
0,0.020982
0,0.021542
0,0.023841
0,0.016690
0,0.018588
0,0.017810
0,0.026840
0,0.024067
0,0.019242
0,0.016755
0,0.018262
0,0.017833
0,0.028964
0,0.021866
0,0.019158
0,0.018174
0,0.020364
0,0.018582
0,0.017015
0,0.019936
0,0.024495
0,0.024624
0,0.020420
0,0.018517
0,0.017285
0,0.016700
0,0.019922
0,0.021037
0,0.017157
0,0.017410
0,0.017290
0,0.017816
0,0.021140
0,0.018132
0,0.018995
0,0.022131
0,0.018484
0,0.024201
0,0.017564
0,0.019564
0,0.018479
0,0.027859
0,0.022156
0,0.017761
0,0.020888
0,0.018779
0,0.017666
0,0.018876
0,0.020101
0,0.016459
0,0.019355
0,0.018698
0,0.021484
0,0.018279
0,0.019027
0,0.018257
0,0.018773
0,0.019485
0,0.019798
0,0.019490
0,0.020726
0,0.028524
0,0.021749
0,0.018303
0,0.017568
0,0.020126
0,0.025527
0,0.025524
0,0.020482
0,0.018988
0,0.018370
0,0.017619
0,0.018611
0,0.018676
0,0.018464
0,0.019255
0,0.018353
0,0.019958
0,0.018769
0,0.017413
0,0.018108
0,0.024052
0,0.023383
0,0.020172
0,0.020433
0,0.019265
0,0.017151
0,0.019695
0,0.020267
0,0.019748
0,0.024853
0,0.022818
0,0.024225
0,0.019871
0,0.018431
0,0.017528
0,0.016873
0,0.018455
0,0.017847
0,0.018142
0,0.017969
0,0.038157
0,0.027007
0,0.019591
0,0.018228
0,0.019623
0,0.020400
0,0.020833
0,0.016408
0,0.017777
0,0.018630
0,0.018385
0,0.019420
0,0.018548
0,0.019254
0,0.020098
0,0.019344
0,0.019144
0,0.020387
0,0.017011
0,0.016882
0,0.029106
0,0.027681
0,0.024771
0,0.022092
0,0.020787
0,0.019225
0,0.024146
0,0.016158
0,0.017016
0,0.017982
0,0.018835
0,0.017059
0,0.020024
0,0.027777
0,0.024847
0,0.020433
0,0.019369
0,0.015783
0,0.017526
0,0.025808
0,0.022370
0,0.019797
0,0.015860
0,0.022298
0,0.016769
0,0.019482
0,0.024413
0,0.017148
0,0.017950
0,0.020186
0,0.036664
0,0.037682
0,0.028537
0,0.018366
0,0.016835
0,0.017407
0,0.018786
0,0.024762
0,0.023356
0,0.019567
0,0.025465
0,0.023576
0,0.023592
0,0.019765
0,0.019097
0,0.017328
0,0.018500
0,0.018962
0,0.020344
0,0.017830
0,0.018544
0,0.016862
0,0.019533
0,0.024874
0,0.018537
0,0.020578
0,0.017573
0,0.033303
0,0.024970
0,0.025500
0,0.019680
0,0.018646
0,0.020857
0,0.019392
0,0.017139
0,0.017801
0,0.016662
0,0.022138
0,0.023137
0,0.025156
0,0.020615
0,0.017471
0,0.021902
0,0.017016
0,0.017740
0,0.016975
0,0.025797
0,0.024580
0,0.017575
0,0.019378
0,0.019130
0,0.019430
0,0.020543
0,0.018597
0,0.016328
0,0.019910
0,0.023434
0,0.025135
0,0.021754
0,0.023840
0,0.020246
0,0.019317
0,0.022194
0,0.018662
0,0.017098
0,0.018889
0,0.034346
0,0.027009
0,0.022497
0,0.019991
0,0.020569
0,0.020008
0,0.016950
0,0.017039
0,0.019171
0,0.020875
0,0.023061
0,0.018491
0,0.017419
0,0.022433
0,0.020272
0,0.019789
0,0.018197
0,0.019667
0,0.022203
0,0.033395
0,0.023178
0,0.020026
0,0.019566
0,0.018300
0,0.019671
0,0.019197
0,0.021772
0,0.030428
0,0.022429
0,0.019031
0,0.017382
0,0.016941
0,0.017999
0,0.021868
0,0.017043
0,0.017987
0,0.017468
0,0.022276
0,0.027548
0,0.020534
0,0.019072
0,0.020875
0,0.022254
0,0.019621
0,0.021269
0,0.017431
0,0.020513
0,0.021260
0,0.020815
0,0.020404
0,0.016766
0,0.019328
0,0.020330
0,0.019371
0,0.020411
0,0.020006
0,0.016526
0,0.018068
0,0.025945
0,0.021107
0,0.020652
0,0.018235
0,0.021092
0,0.024284
0,0.023605
0,0.020677
0,0.020389
0,0.020596
0,0.019429
0,0.016701
0,0.018688
0,0.019723
0,0.026874
0,0.026825
0,0.020950
0,0.018974
0,0.023022
0,0.034253
0,0.020040
0,0.016804
0,0.017966
0,0.024268
0,0.018842
0,0.025369
0,0.021891
0,0.021681
0,0.023094
0,0.020557
0,0.018999
0,0.020240
0,0.018516
0,0.019798
0,0.018065
0,0.021316
0,0.021137
0,0.025453
0,0.025604
0,0.020094
0,0.019364
0,0.018980
0,0.027595
0,0.023986
0,0.023689
0,0.019591
0,0.016277
0,0.019783
0,0.018111
0,0.017530
0,0.018219
0,0.018155
0,0.019015
0,0.016899
0,0.017723
0,0.028777
0,0.023997
0,0.030349
0,0.017519
0,0.018163
0,0.016642
0,0.017969
0,0.020446
0,0.019407
0,0.016263
0,0.019163
0,0.016674
0,0.023149
0,0.015808
0,0.018059
0,0.018565
0,0.018128
0,0.021143
0,0.025054
0,0.024731
0,0.021381
0,0.018171
0,0.029094
0,0.020828
0,0.019890
0,0.019823
0,0.016708
0,0.022049
0,0.021089
0,0.026171
0,0.022910
0,0.020633
0,0.018749
0,0.015710
0,0.017598
0,0.018255
0,0.017876
0,0.019324
0,0.016271
0,0.020213
0,0.020713
0,0.017742
0,0.030358
0,0.022401
0,0.025394
0,0.023049
0,0.022730
0,0.020787
0,0.016554
0,0.017969
0,0.016050
0,0.018044
0,0.017941
0,0.017685
0,0.027719
0,0.024466
0,0.023019
0,0.019497
0,0.017040
0,0.022989
0,0.017605
0,0.029853
0,0.020513
0,0.018374
0,0.018170
0,0.017022
0,0.018661
0,0.019419
0,0.019532
0,0.017299
0,0.019057
0,0.020031
0,0.019031
0,0.020022
0,0.019182
0,0.021309
0,0.028890
0,0.023207
0,0.019417
0,0.019004
0,0.023461
0,0.019248
0,0.020147
0,0.018676
0,0.021024
0,0.021344
0,0.020549
0,0.025735
0,0.025568
0,0.023047
0,0.019055
0,0.016616
0,0.016943
0,0.017462
0,0.017132
0,0.022416
0,0.016226
0,0.019118
0,0.019051
0,0.017118
0,0.028414
0,0.023534
0,0.021969
0,0.020034
0,0.025975
0,0.022432
0,0.021378
0,0.018342
0,0.020539
0,0.019678
0,0.019420
0,0.020260
0,0.017194
0,0.019945
0,0.031286
0,0.021336
0,0.021137
0,0.017501
0,0.017999
0,0.020096
0,0.025617
0,0.018670
0,0.019584
0,0.018402
0,0.020389
0,0.017736
0,0.019884
0,0.025703
0,0.022062
0,0.022626
0,0.016739
0,0.017865
0,0.020528
0,0.029907
0,0.018658
0,0.020758
0,0.018512
0,0.018484
0,0.017462
0,0.028537
0,0.019165
0,0.017382
0,0.016931
0,0.016996
0,0.018885
0,0.017698
0,0.017358
0,0.020963
0,0.020293
0,0.022008
0,0.019353
0,0.019485
0,0.020581
0,0.020189
0,0.024247
0,0.019633
0,0.017906
0,0.018067
0,0.018137
0,0.039714
0,0.041314
0,0.025886
0,0.023373
0,0.020878
0,0.022478
0,0.023194
0,0.027084
0,0.022028
0,0.019661
0,0.021681
0,0.030569
0,0.026116
0,0.028766
0,0.020279
0,0.023500
0,0.033765
0,0.022023
0,0.021532
0,0.027081
0,0.021454
0,0.025570
0,0.022553
0,0.023055
0,0.030517
0,0.024285
0,0.029381
0,0.033478
0,0.035226
0,0.032058
0,0.034665
0,0.043790
0,0.035091
0,0.025703
0,0.021463
0,0.022036
0,0.025619
0,0.022774
0,0.021958
0,0.021084
0,0.024436
0,0.023901
0,0.025489
0,0.016677
0,0.019640
0,0.023240
0,0.022786
0,0.032445
0,0.025982
0,0.023371
0,0.018990
0,0.017561
0,0.016778
0,0.016861
0,0.018200
0,0.019761
0,0.017154
0,0.017113
0,0.019531
0,0.020172
0,0.018465
0,0.017378
0,0.024369
0,0.019823
0,0.019888
0,0.024078
0,0.025308
0,0.020255
0,0.020074
0,0.026270
0,0.026070
0,0.022481
0,0.016770
0,0.022069
0,0.022710
0,0.017216
0,0.018636
0,0.016447
0,0.018079
0,0.024837
0,0.026443
0,0.023588
0,0.017749
0,0.017489
0,0.043887
0,0.020924
0,0.024470
0,0.021854
0,0.021745
0,0.023547
0,0.021332
0,0.019147
0,0.025851
0,0.021117
0,0.023964
0,0.029171
0,0.031698
0,0.024277
0,0.024960
0,0.024855
0,0.021114
0,0.028114
0,0.022456
0,0.018792
0,0.034190
0,0.028994
0,0.023387
0,0.021729
0,0.028223
0,0.018916
0,0.030434
0,0.025848
0,0.025935
0,0.027011
0,0.023226
0,0.023605
0,0.032405
0,0.024699
0,0.025550
0,0.017485
0,0.021734
0,0.016708
0,0.018025
0,0.023158
0,0.030350
0,0.029964
0,0.025452
0,0.024639
0,0.024021
0,0.020902
0,0.018026
0,0.023514
0,0.018450
0,0.031649
0,0.036257
0,0.030185
0,0.026887
0,0.023768
0,0.024856
0,0.020207
0,0.024087
0,0.018943
0,0.020661
0,0.021581
0,0.021829
0,0.020577
0,0.026041
0,0.021726
0,0.019655
0,0.033694
0,0.043990
0,0.030746
0,0.029639
0,0.021555
0,0.026476
0,0.024673
0,0.027092
0,0.024780
0,0.019580
0,0.022401
0,0.030287
0,0.029664
0,0.020038
0,0.023492
0,0.024247
0,0.033802
0,0.018666
0,0.020038
0,0.023235
0,0.020076
0,0.023743
0,0.024125
0,0.026515
0,0.022019
0,0.023684
0,0.022419
0,0.022157
0,0.023879
0,0.023953
0,0.027137
0,0.023429
0,0.026914
0,0.030304
0,0.026554
0,0.023531
0,0.030218
0,0.029057
0,0.037129
0,0.026814
0,0.023250
0,0.025184
0,0.021912
0,0.027576
0,0.018168
0,0.021772
0,0.015462
0,0.017898
0,0.021569
0,0.026517
0,0.019654
0,0.021223
0,0.023203
0,0.019581
0,0.019019
0,0.020256
0,0.017949
0,0.025937
0,0.016710
0,0.019503
0,0.019929
0,0.017204
0,0.017579
0,0.019543
0,0.019815
0,0.017638
0,0.019154
0,0.019241
0,0.025390
0,0.031139
0,0.024151
0,0.022321
0,0.021167
0,0.017509
0,0.017778
0,0.019508
0,0.021721
0,0.028404
0,0.022604
0,0.020778
0,0.016607
0,0.018640
0,0.019644
0,0.017622
0,0.018360
0,0.017060
0,0.019053
0,0.019497
0,0.024848
0,0.021110
0,0.021241
0,0.023460
0,0.025306
0,0.018424
0,0.019994
0,0.018427
0,0.020265
0,0.022638
0,0.016960
0,0.019752
0,0.020092
0,0.019465
0,0.021459
0,0.025516
0,0.018333
0,0.018670
0,0.021766
0,0.026670
0,0.021591
0,0.030938
0,0.023599
0,0.022084
0,0.017487
0,0.019286
0,0.017990
0,0.019093
0,0.018664
0,0.016839
0,0.016831
0,0.017656
0,0.016493
0,0.020552
0,0.027611
0,0.024574
0,0.020218
0,0.020929
0,0.018921
0,0.025321
0,0.017504
0,0.017861
0,0.019472
0,0.018856
0,0.016929
0,0.016940
0,0.018765
0,0.017792
0,0.020527
0,0.021160
0,0.016589
0,0.021205
0,0.026257
0,0.021788
0,0.022744
0,0.020082
0,0.019738
0,0.019463
0,0.019377
0,0.028378
0,0.017381
0,0.024903
0,0.024855
0,0.026005
0,0.021395
0,0.018758
0,0.019692
0,0.016099
0,0.017866
0,0.016964
0,0.016274
0,0.017449
0,0.018752
0,0.017946
0,0.018459
0,0.017104
0,0.019460
0,0.022602
0,0.015651
0,0.025701
0,0.027094
0,0.027173
0,0.021276
0,0.019967
0,0.017164
0,0.017103
0,0.017442
0,0.018603
0,0.016881
0,0.019345
0,0.025211
0,0.026247
0,0.020093
0,0.021458
0,0.016554
0,0.017564
0,0.019973
0,0.017681
0,0.017155
0,0.025830
0,0.018731
0,0.016826
0,0.021584
0,0.018189
0,0.018714
0,0.018073
0,0.019183
0,0.019999
0,0.018593
0,0.020469
0,0.025501
0,0.020291
0,0.027533
0,0.025069
0,0.020645
0,0.017658
0,0.024385
0,0.016454
0,0.024421
0,0.019668
0,0.019321
0,0.019120
0,0.018430
0,0.020115
0,0.026247
0,0.022686
0,0.021475
0,0.016644
0,0.018327
0,0.018764
0,0.017689
0,0.019023
0,0.020565
0,0.018760
0,0.018279
0,0.018390
0,0.019063
0,0.019406
0,0.025077
0,0.021506
0,0.020458
0,0.024949
0,0.026943
0,0.022069
0,0.019996
0,0.019162
0,0.018300
0,0.017230
0,0.016839
0,0.020180
0,0.018844
0,0.023688
0,0.025781
0,0.024967
0,0.018768
0,0.018267
0,0.017715
0,0.024344
0,0.019985
0,0.016927
0,0.024602
0,0.025393
0,0.018054
0,0.018479
0,0.018446
0,0.021658
0,0.029542
0,0.022455
0,0.019020
0,0.019102
0,0.020342
0,0.016861
0,0.018488
0,0.018514
0,0.017748
0,0.019141
0,0.020268
0,0.026676
0,0.020559
0,0.018605
0,0.020561
0,0.019005
0,0.019373
0,0.016120
0,0.017949
0,0.020024
0,0.017739
0,0.018366
0,0.021455
0,0.019474
0,0.021074
0,0.017755
0,0.016586
0,0.021198
0,0.017920
0,0.017233
0,0.019143
0,0.018178
0,0.026010
0,0.020566
0,0.018782
0,0.017451
0,0.018043
0,0.022689
0,0.018929
0,0.019410
0,0.018970
0,0.025090
0,0.018277
0,0.018195
0,0.019788
0,0.020801
0,0.019942
0,0.018579
0,0.017970
0,0.020229
0,0.017936
0,0.017066
0,0.027600
0,0.019603
0,0.020907
0,0.019552
0,0.019950
0,0.018115
0,0.019674
0,0.018978
0,0.021644
0,0.026032
0,0.022600
0,0.021195
0,0.022237
0,0.019869
0,0.018018
0,0.016239
0,0.017719
0,0.018310
0,0.021399
0,0.036242
0,0.023126
0,0.022381
0,0.019829
0,0.017143
0,0.017687
0,0.017250
0,0.017078
0,0.019366
0,0.016564
0,0.022469
0,0.017977
0,0.018527
0,0.020725
0,0.016949
0,0.020157
0,0.018896
0,0.017860
0,0.018101
0,0.019309
0,0.015991
0,0.026969
0,0.017880
0,0.025118
0,0.018575
0,0.018399
0,0.025523
0,0.023154
0,0.026326
0,0.019869
0,0.016837
0,0.017224
0,0.017165
0,0.019486
0,0.015903
0,0.017599
0,0.018575
0,0.017421
0,0.019732
0,0.027139
0,0.029494
0,0.021534
0,0.017686
0,0.020485
0,0.017648
0,0.017798
0,0.018016
0,0.017889
0,0.022871
0,0.020395
0,0.017312
0,0.020499
0,0.019179
0,0.021662
0,0.017435
0,0.018147
0,0.021469
0,0.027834
0,0.025782
0,0.020018
0,0.026471
0,0.018194
0,0.017938
0,0.019612
0,0.016253
0,0.016456
0,0.020487
0,0.025649
0,0.028010
0,0.020889
0,0.018012
0,0.017371
0,0.020783
0,0.018829
0,0.017035
0,0.017982
0,0.016545
0,0.017833
0,0.020315
0,0.025024
0,0.024265
0,0.020076
0,0.023875
0,0.022274
0,0.016387
0,0.020008
0,0.019319
0,0.019073
0,0.022962
0,0.024773
0,0.022191
0,0.020977
0,0.018584
0,0.018086
0,0.017326
0,0.015618
0,0.018488
0,0.016985
0,0.022375
0,0.019447
0,0.037865
0,0.026069
0,0.018046
0,0.017913
0,0.017664
0,0.015858
0,0.018527
0,0.018767
0,0.017339
0,0.016961
0,0.018291
0,0.019297
0,0.017625
0,0.021002
0,0.018016
0,0.018469
0,0.015943
0,0.019200
0,0.020935
0,0.023839
0,0.033483
0,0.025177
0,0.019994
0,0.020654
0,0.015683
0,0.016911
0,0.018444
0,0.019697
0,0.015961
0,0.019533
0,0.027555
0,0.027566
0,0.021652
0,0.020643
0,0.017472
0,0.017136
0,0.018918
0,0.018569
0,0.019284
0,0.024870
0,0.020548
0,0.024574
0,0.018972
0,0.017116
0,0.018857
0,0.018046
0,0.020031
0,0.022526
0,0.019243
0,0.022836
0,0.022362
0,0.025260
0,0.019612
0,0.018391
0,0.018865
0,0.017775
0,0.021253
0,0.019575
0,0.025514
0,0.031590
0,0.025047
0,0.016402
0,0.017093
0,0.019743
0,0.018582
0,0.016573
0,0.020489
0,0.019408
0,0.020517
0,0.019005
0,0.017581
0,0.019684
0,0.017153
0,0.017630
0,0.018999
0,0.018963
0,0.021960
0,0.018140
0,0.019105
0,0.027389
0,0.018856
0,0.021120
0,0.018142
0,0.017370
0,0.022792
0,0.019105
0,0.019982
0,0.017204
0,0.017095
0,0.022588
0,0.017131
0,0.017502
0,0.021367
0,0.017798
0,0.017367
0,0.019435
0,0.020837
0,0.026958
0,0.022096
0,0.029192
0,0.023476
0,0.021454
0,0.016952
0,0.016585
0,0.018384
0,0.021923
0,0.028324
0,0.022801
0,0.017678
0,0.018741
0,0.019650
0,0.020445
0,0.017564
0,0.016592
0,0.019676
0,0.029427
0,0.019160
0,0.020198
0,0.026767
0,0.024996
0,0.032566
0,0.018084
0,0.020131
0,0.022230
0,0.020642
0,0.020677
0,0.016926
0,0.021359
0,0.022526
0,0.020235
0,0.018733
0,0.019283
0,0.017530
0,0.022174
0,0.020286
0,0.021314
0,0.024710
0,0.030380
0,0.021421
0,0.019534
0,0.016458
0,0.017110
0,0.020638
0,0.018332
0,0.017727
0,0.018267
0,0.016822
0,0.017678
0,0.020060
0,0.026055
0,0.025186
0,0.019623
0,0.021499
0,0.021030
0,0.019832
0,0.018825
0,0.024027
0,0.021308
0,0.022067
0,0.017925
0,0.018331
0,0.017209
0,0.018893
0,0.020311
0,0.018940
0,0.022574
0,0.025720
0,0.024279
0,0.022325
0,0.019711
0,0.018473
0,0.019988
0,0.018985
0,0.020171
0,0.017987
0,0.018594
0,0.029729
0,0.029514
0,0.020743
0,0.018668
0,0.017012
0,0.017380
0,0.019217
0,0.018790
0,0.016148
0,0.018257
0,0.017161
0,0.018701
0,0.020215
0,0.018090
0,0.018928
0,0.018435
0,0.021928
0,0.024281
0,0.023306
0,0.028540
0,0.022989
0,0.021222
0,0.019672
0,0.018542
0,0.016491
0,0.016611
0,0.018805
0,0.020004
0,0.021081
0,0.034709
0,0.020020
0,0.020861
0,0.018429
0,0.016135
0,0.018961
0,0.017599
0,0.019698
0,0.018323
0,0.018117
0,0.025299
0,0.022045
0,0.020740
0,0.021091
0,0.018029
0,0.019031
0,0.015922
0,0.023608
0,0.016747
0,0.017629
0,0.019017
0,0.019051
0,0.020181
0,0.028086
0,0.022525
0,0.023582
0,0.019425
0,0.019332
0,0.018785
0,0.021485
0,0.026116
0,0.018619
0,0.022527
0,0.017322
0,0.017996
0,0.026300
0,0.026543
0,0.020714
0,0.018337
0,0.016662
0,0.018522
0,0.019321
0,0.021228
0,0.016717
0,0.018160
0,0.017404
0,0.017787
0,0.018995
0,0.019038
0,0.018616
0,0.025255
0,0.023337
0,0.024021
0,0.021892
0,0.023693
0,0.021187
0,0.020741
0,0.019602
0,0.021556
0,0.022306
0,0.016771
0,0.021613
0,0.022016
0,0.027949
0,0.022159
0,0.022651
0,0.018561
0,0.017931
0,0.017506
0,0.027665
0,0.021752
0,0.019020
0,0.016930
0,0.017550
0,0.031483
0,0.024163
0,0.019775
0,0.016340
0,0.016538
0,0.025925
0,0.024799
0,0.019014
0,0.018287
0,0.019419
0,0.020108
0,0.019561
0,0.018453
0,0.016633
0,0.029520
0,0.026034
0,0.018398
0,0.019446
0,0.019658
0,0.020565
0,0.019952
0,0.016538
0,0.018532
0,0.016739
0,0.015753
0,0.020145
0,0.024067
0,0.020040
0,0.021137
0,0.019663
0,0.024237
0,0.018924
0,0.020695
0,0.025003
0,0.024563
0,0.024418
0,0.016298
0,0.020806
0,0.026627
0,0.027433
0,0.018898
0,0.019206
0,0.016800
0,0.018305
0,0.019031
0,0.017994
0,0.017703
0,0.016708
0,0.017691
0,0.018014
0,0.020932
0,0.018532
0,0.019104
0,0.023279
0,0.025690
0,0.021352
0,0.016512
0,0.022170
0,0.018432
0,0.024332
0,0.018689
0,0.016517
0,0.017822
0,0.018520
0,0.018268
0,0.020124
0,0.017891
0,0.016746
0,0.020608
0,0.019204
0,0.021675
0,0.017578
0,0.019003
0,0.018570
0,0.027257
0,0.032730
0,0.021894
0,0.019438
0,0.017659
0,0.017447
0,0.020213
0,0.016066
0,0.017178
0,0.017453
0,0.019157
0,0.020776
0,0.016798
0,0.024667
0,0.027639
0,0.020944
0,0.019893
0,0.016792
0,0.017532
0,0.022935
0,0.021787
0,0.020441
0,0.017612
0,0.018069
0,0.018033
0,0.016870
0,0.021485
0,0.017155
0,0.017049
0,0.018567
0,0.019301
0,0.018018
0,0.020536
0,0.020796
0,0.022762
0,0.025785
0,0.023910
0,0.020021
0,0.017774
0,0.030432
0,0.022358
0,0.022967
0,0.016532
0,0.021490
0,0.020201
0,0.032454
0,0.021974
0,0.019757
0,0.018825
0,0.016342
0,0.019437
0,0.018257
0,0.017535
0,0.021382
0,0.017529
0,0.020140
0,0.018410
0,0.016295
0,0.017441
0,0.030126
0,0.019778
0,0.021713
0,0.020485
0,0.024079
0,0.024728
0,0.022089
0,0.018277
0,0.019981
0,0.021372
0,0.020187
0,0.016992
0,0.017245
0,0.016156
0,0.024467
0,0.029275
0,0.023571
0,0.018494
0,0.018636
0,0.029343
0,0.023106
0,0.018022
0,0.017954
0,0.016003
0,0.018156
0,0.020067
0,0.024400
0,0.016937
0,0.016979
0,0.018406
0,0.020300
0,0.016932
0,0.018796
0,0.017534
0,0.017299
0,0.022296
0,0.022853
0,0.024070
0,0.021480
0,0.030709
0,0.022524
0,0.018410
0,0.016870
0,0.016519
0,0.018632
0,0.021865
0,0.018350
0,0.027760
0,0.025657
0,0.022364
0,0.017964
0,0.019740
0,0.016711
0,0.017546
0,0.022550
0,0.017456
0,0.017070
0,0.019723
0,0.021735
0,0.021395
0,0.023979
0,0.016846
0,0.019147
0,0.018821
0,0.024254
0,0.025231
0,0.024068
0,0.021100
0,0.022318
0,0.018323
0,0.018230
0,0.020735
0,0.017004
0,0.016906
0,0.020006
0,0.019206
0,0.023995
0,0.030396
0,0.025035
0,0.020676
0,0.016682
0,0.020532
0,0.017520
0,0.021556
0,0.017481
0,0.018431
0,0.019542
0,0.019520
0,0.018526
0,0.018077
0,0.017772
0,0.016527
0,0.017754
0,0.017250
0,0.019281
0,0.021849
0,0.020626
0,0.023694
0,0.027111
0,0.030314
0,0.022471
0,0.020026
0,0.017502
0,0.019498
0,0.017042
0,0.018127
0,0.016236
0,0.021116
0,0.018784
0,0.019687
0,0.017055
0,0.020160
0,0.028308
0,0.024414
0,0.019051
0,0.015399
0,0.016770
0,0.019527
0,0.028082
0,0.019981
0,0.016209
0,0.016798
0,0.018372
0,0.018571
0,0.017540
0,0.018474
0,0.018136
0,0.018597
0,0.020417
0,0.019787
0,0.019435
0,0.018470
0,0.017468
0,0.020326
0,0.018031
0,0.018314
0,0.018424
0,0.017768
0,0.018435
0,0.025434
0,0.020600
0,0.020017
0,0.019164
0,0.021379
0,0.024535
0,0.023531
0,0.019867
0,0.019900
0,0.020219
0,0.019066
0,0.021231
0,0.020813
0,0.027530
0,0.025252
0,0.018110
0,0.018280
0,0.016905
0,0.016996
0,0.030139
0,0.017905
0,0.019190
0,0.017668
0,0.019670
0,0.018128
0,0.019877
0,0.020187
0,0.016957
0,0.018477
0,0.019342
0,0.019627
0,0.016872
0,0.020250
0,0.018473
0,0.020032
0,0.021640
0,0.018385
0,0.019277
0,0.020465
0,0.039921
0,0.019483
0,0.020081
0,0.016138
0,0.016695
0,0.023395
0,0.017720
0,0.017997
0,0.015887
0,0.016688
0,0.018654
0,0.021546
0,0.025447
0,0.024614
0,0.021149
0,0.020227
0,0.018705
0,0.018636
0,0.017678
0,0.020382
0,0.030009
0,0.017927
0,0.020084
0,0.016969
0,0.018195
0,0.022933
0,0.020297
0,0.016925
0,0.020167
0,0.019101
0,0.020726
0,0.021491
0,0.029528
0,0.024122
0,0.020618
0,0.022223
0,0.017388
0,0.016599
0,0.016740
0,0.021895
0,0.025305
0,0.019105
0,0.016813
0,0.023376
0,0.032944
0,0.022987
0,0.018636
0,0.018029
0,0.018797
0,0.019412
0,0.016069
0,0.016751
0,0.018282
0,0.018818
0,0.017240
0,0.022613
0,0.017400
0,0.020054
0,0.019608
0,0.028188
0,0.025168
0,0.019687
0,0.024050
0,0.025548
0,0.024704
0,0.019782
0,0.018069
0,0.017139
0,0.017736
0,0.023822
0,0.018453
0,0.016047
0,0.017855
0,0.020081
0,0.028731
0,0.023658
0,0.020469
0,0.018180
0,0.029238
0,0.020879
0,0.018237
0,0.020389
0,0.017665
0,0.019467
0,0.018991
0,0.017508
0,0.019207
0,0.017404
0,0.018847
0,0.019428
0,0.020244
0,0.020119
0,0.020097
0,0.019915
0,0.025377
0,0.022696
0,0.022065
0,0.026817
0,0.022548
0,0.018546
0,0.016072
0,0.017914
0,0.022133
0,0.021657
0,0.022505
0,0.023186
0,0.025951
0,0.020729
0,0.019021
0,0.026851
0,0.023991
0,0.025132
0,0.024170
0,0.020813
0,0.021967
0,0.023839
0,0.028101
0,0.024721
0,0.022083
0,0.024040
0,0.025237
0,0.022997
0,0.018709
0,0.017275
0,0.020073
0,0.017817
0,0.017351
0,0.016966
0,0.017610
0,0.020642
0,0.030282
0,0.024358
0,0.018674
0,0.017167
0,0.026058
0,0.021705
0,0.020546
0,0.015969
0,0.018670
0,0.022853
0,0.017054
0,0.019882
0,0.017618
0,0.018632
0,0.018730
0,0.019308
0,0.016686
0,0.017921
0,0.017908
0,0.020258
0,0.019409
0,0.023866
0,0.025914
0,0.020731
0,0.029847
0,0.021492
0,0.018203
0,0.020973
0,0.016422
0,0.020424
0,0.023071
0,0.021096
0,0.033875
0,0.023765
0,0.016910
0,0.019755
0,0.017535
0,0.017154
0,0.019701
0,0.019363
0,0.015748
0,0.019608
0,0.017307
0,0.018344
0,0.026795
0,0.021586
0,0.018625
0,0.019720
0,0.019091
0,0.019583
0,0.017507
0,0.019761
0,0.018931
0,0.017207
0,0.020141
0,0.019364
0,0.021705
0,0.019325
0,0.019582
0,0.024956
0,0.017748
0,0.019141
0,0.019209
0,0.020090
0,0.026806
0,0.019979
0,0.023946
0,0.018423
0,0.016017
0,0.023457
0,0.015642
0,0.017255
0,0.020071
0,0.018745
0,0.020513
0,0.018003
0,0.015940
0,0.020397
0,0.017730
0,0.018714
0,0.020066
0,0.019043
0,0.016083
0,0.028335
0,0.028731
0,0.018858
0,0.017728
0,0.021478
0,0.019108
0,0.023648
0,0.018121
0,0.018721
0,0.019111
0,0.017946
0,0.020023
0,0.020725
0,0.020114
0,0.024200
0,0.023256
0,0.023742
0,0.020449
0,0.023754
0,0.019469
0,0.025285
0,0.021300
0,0.018401
0,0.020346
0,0.026634
0,0.025592
0,0.020616
0,0.018330
0,0.017739
0,0.016773
0,0.021494
0,0.017421
0,0.017389
0,0.017282
0,0.017689
0,0.018288
0,0.018249
0,0.016815
0,0.018872
0,0.020785
0,0.018811
0,0.030598
0,0.022361
0,0.024189
0,0.023826
0,0.021638
0,0.018820
0,0.016616
0,0.022704
0,0.016172
0,0.018414
0,0.017769
0,0.019924
0,0.023851
0,0.031170
0,0.020425
0,0.018273
0,0.018523
0,0.017359
0,0.018098
0,0.029053
0,0.018371
0,0.018121
0,0.019620
0,0.022099
0,0.016799
0,0.020387
0,0.019183
0,0.017052
0,0.019269
0,0.020613
0,0.021027
0,0.027223
0,0.022921
0,0.020945
0,0.017903
0,0.016904
0,0.017010
0,0.016615
0,0.018528
0,0.025188
0,0.021103
0,0.023444
0,0.024031
0,0.022315
0,0.018028
0,0.019313
0,0.017390
0,0.016917
0,0.020298
0,0.016400
0,0.016507
0,0.021073
0,0.015845
0,0.017993
0,0.021959
0,0.016260
0,0.017978
0,0.018323
0,0.019452
0,0.026736
0,0.022999
0,0.018525
0,0.019809
0,0.023144
0,0.025563
0,0.024470
0,0.019922
0,0.019271
0,0.021667
0,0.016183
0,0.017858
0,0.020984
0,0.020820
0,0.023793
0,0.021988
0,0.028059
0,0.021066
0,0.021471
0,0.027923
0,0.018469
0,0.019366
0,0.017683
0,0.020317
0,0.017268
0,0.019979
0,0.020549
0,0.017843
0,0.018885
0,0.022453
0,0.019069
0,0.024015
0,0.026051
0,0.022696
0,0.018470
0,0.020764
0,0.019506
0,0.019074
0,0.024517
0,0.020055
0,0.017904
0,0.025700
0,0.025144
0,0.022776
0,0.019688
0,0.017495
0,0.020177
0,0.020547
0,0.019160
0,0.017174
0,0.019456
0,0.018581
0,0.018857
0,0.021800
0,0.017191
0,0.016252
0,0.019149
0,0.018781
0,0.025894
0,0.023774
0,0.022388
0,0.017277
0,0.017486
0,0.021831
0,0.027089
0,0.024242
0,0.019385
0,0.021966
0,0.021509
0,0.018456
0,0.017818
0,0.016998
0,0.019586
0,0.019670
0,0.022318
0,0.027821
0,0.021608
0,0.028833
0,0.019567
0,0.019481
0,0.017722
0,0.019006
0,0.020346
0,0.016956
0,0.018533
0,0.018025
0,0.016340
0,0.019321
0,0.018701
0,0.017765
0,0.020297
0,0.019411
0,0.019940
0,0.018471
0,0.018740
0,0.021227
0,0.017872
0,0.021315
0,0.026325
0,0.018631
0,0.019059
0,0.019965
0,0.022130
0,0.019977
0,0.016786
0,0.016920
0,0.017097
0,0.020830
0,0.016700
0,0.017736
0,0.017927
0,0.019989
0,0.021091
0,0.023195
0,0.021986
0,0.020657
0,0.022815
0,0.021320
0,0.026652
0,0.021387
0,0.016575
0,0.024029
0,0.028205
0,0.023126
0,0.019364
0,0.022321
0,0.018867
0,0.016987
0,0.019509
0,0.017438
0,0.016479
0,0.019114
0,0.022988
0,0.019654
0,0.017416
0,0.018393
0,0.019921
0,0.027198
0,0.029218
0,0.022715
0,0.019336
0,0.023237
0,0.021250
0,0.020241
0,0.018416
0,0.019282
0,0.021231
0,0.019526
0,0.020805
0,0.020082
0,0.024077
0,0.020338
0,0.018534
0,0.018491
0,0.017023
0,0.021948
0,0.032598
0,0.024837
0,0.017694
0,0.016966
0,0.019430
0,0.016904
0,0.016151
0,0.018060
0,0.018630
0,0.017241
0,0.019809
0,0.017279
0,0.021378
0,0.027487
0,0.026664
0,0.018550
0,0.017790
0,0.020161
0,0.016164
0,0.018705
0,0.027615
0,0.018536
0,0.018465
0,0.018276
0,0.018397
0,0.024040
0,0.016705
0,0.019508
0,0.017378
0,0.023160
0,0.023006
0,0.025014
0,0.022830
0,0.020719
0,0.019261
0,0.016643
0,0.016582
0,0.018407
0,0.015677
0,0.017376
0,0.027416
0,0.026957
0,0.027630
0,0.023459
0,0.018528
0,0.017632
0,0.017506
0,0.019883
0,0.019398
0,0.019865
0,0.017054
0,0.016253
0,0.019592
0,0.016940
0,0.020205
0,0.018872
0,0.016725
0,0.017981
0,0.018267
0,0.018248
0,0.022733
0,0.031974
0,0.034058
0,0.021342
0,0.020517
0,0.018953
0,0.015852
0,0.020287
0,0.019428
0,0.016979
0,0.019593
0,0.027644
0,0.026150
0,0.023361
0,0.020064
0,0.015862
0,0.016998
0,0.019739
0,0.018410
0,0.022853
0,0.022947
0,0.018980
0,0.020444
0,0.019343
0,0.019544
0,0.018542
0,0.021067
0,0.019103
0,0.022742
0,0.025607
0,0.022936
0,0.023596
0,0.021520
0,0.016250
0,0.018773
0,0.017635
0,0.018697
0,0.020835
0,0.020129
0,0.031600
0,0.032789
0,0.023461
0,0.016317
0,0.017881
0,0.016535
0,0.020989
0,0.018825
0,0.019680
0,0.017507
0,0.017914
0,0.018031
0,0.019689
0,0.019864
0,0.017410
0,0.018644
0,0.020732
0,0.017495
0,0.019248
0,0.017809
0,0.031741
0,0.025891
0,0.024502
0,0.019879
0,0.019155
0,0.019667
0,0.018659
0,0.020748
0,0.017631
0,0.021977
0,0.019338
0,0.022982
0,0.027614
0,0.020430
0,0.022836
0,0.020674
0,0.025498
0,0.021903
0,0.026030
0,0.018607
0,0.016443
0,0.023500
0,0.024103
0,0.026341
0,0.021086
0,0.021644
0,0.020010
0,0.018706
0,0.018049
0,0.018910
0,0.017303
0,0.021152
0,0.018803
0,0.020863
0,0.016959
0,0.017815
0,0.020152
0,0.017568
0,0.029391
0,0.023555
0,0.026735
0,0.020127
0,0.017171
0,0.018195
0,0.019633
0,0.021411
0,0.023273
0,0.017246
0,0.020936
0,0.026004
0,0.026698
0,0.019349
0,0.015897
0,0.018019
0,0.017925
0,0.020134
0,0.018385
0,0.025785
0,0.018973
0,0.020065
0,0.020772
0,0.018253
0,0.016915
0,0.023878
0,0.020730
0,0.018321
0,0.021301
0,0.020000
0,0.018390
0,0.018334
0,0.019264
0,0.018392
0,0.019048
0,0.018951
0,0.020489
0,0.018257
0,0.017867
0,0.023998
0,0.023442
0,0.018914
0,0.021969
0,0.021491
0,0.017157
0,0.016860
0,0.017948
0,0.019664
0,0.020508
0,0.023636
0,0.016461
0,0.018230
0,0.020768
0,0.020066
0,0.018316
0,0.019199
0,0.021080
0,0.024138
0,0.026214
0,0.028822
0,0.022119
0,0.024526
0,0.024404
0,0.018445
0,0.019603
0,0.019993
0,0.019917
0,0.019802
0,0.020344
0,0.018030
0,0.019519
0,0.019489
0,0.016966
0,0.021773
0,0.022654
0,0.029733
0,0.024689
0,0.028765
0,0.017900
0,0.018983
0,0.020006
0,0.016882
0,0.017455
0,0.018186
0,0.018777
0,0.018908
0,0.021647
0,0.018023
0,0.019497
0,0.016147
0,0.018601
0,0.020940
0,0.017995
0,0.019008
0,0.017355
0,0.020041
0,0.017945
0,0.017001
0,0.025433
0,0.020490
0,0.017008
0,0.019739
0,0.022571
0,0.018892
0,0.018549
0,0.024049
0,0.026224
0,0.020125
0,0.021085
0,0.017178
0,0.017728
0,0.018357
0,0.017294
0,0.017087
0,0.017004
0,0.016901
0,0.019833
0,0.029045
0,0.030455
0,0.018022
0,0.020467
0,0.019458
0,0.017062
0,0.019592
0,0.018031
0,0.017425
0,0.021047
0,0.016813
0,0.018631
0,0.018855
0,0.018511
0,0.020934
0,0.018060
0,0.017718
0,0.020298
0,0.023477
0,0.027068
0,0.020355
0,0.028101
0,0.016706
0,0.017245
0,0.021153
0,0.016957
0,0.020865
0,0.019668
0,0.020334
0,0.029158
0,0.023088
0,0.020664
0,0.019681
0,0.018791
0,0.021303
0,0.017495
0,0.019188
0,0.017614
0,0.016424
0,0.021322
0,0.017910
0,0.026544
0,0.019838
0,0.018692
0,0.020360
0,0.020671
0,0.016938
0,0.017775
0,0.019588
0,0.020003
0,0.018457
0,0.022522
0,0.027127
0,0.023663
0,0.019026
0,0.017155
0,0.016962
0,0.017150
0,0.016919
0,0.018795
0,0.017889
0,0.021795
0,0.021761
0,0.029728
0,0.028867
0,0.018777
0,0.018077
0,0.017068
0,0.018850
0,0.018131
0,0.023818
0,0.016191
0,0.018225
0,0.019891
0,0.019994
0,0.017868
0,0.017853
0,0.020944
0,0.015626
0,0.019413
0,0.020975
0,0.029425
0,0.027571
0,0.022704
0,0.021142
0,0.019159
0,0.017363
0,0.018192
0,0.018751
0,0.020049
0,0.020269
0,0.018948
0,0.025981
0,0.025209
0,0.020803
0,0.016799
0,0.017330
0,0.021287
0,0.019642
0,0.018377
0,0.023395
0,0.018471
0,0.020238
0,0.021339
0,0.021792
0,0.016251
0,0.017016
0,0.019660
0,0.019694
0,0.018423
0,0.024288
0,0.025552
0,0.025256
0,0.020186
0,0.018397
0,0.018635
0,0.017812
0,0.018776
0,0.017936
0,0.024018
0,0.032824
0,0.023602
0,0.022008
0,0.016353
0,0.017679
0,0.019858
0,0.016994
0,0.020119
0,0.016386
0,0.018966
0,0.017564
0,0.018105
0,0.018852
0,0.019885
0,0.018731
0,0.018253
0,0.018099
0,0.017942
0,0.019556
0,0.016832
0,0.023452
0,0.018998
0,0.019197
0,0.019227
0,0.018687
0,0.019914
0,0.017799
0,0.016769
0,0.020683
0,0.018708
0,0.019006
0,0.019058
0,0.020031
0,0.019129
0,0.019504
0,0.016234
0,0.017643
0,0.022676
0,0.017115
0,0.019684
0,0.020085
0,0.032073
0,0.023911
0,0.024274
0,0.020233
0,0.021994
0,0.017128
0,0.018569
0,0.020728
0,0.019160
0,0.025977
0,0.023313
0,0.022790
0,0.019667
0,0.017446
0,0.016790
0,0.019648
0,0.017416
0,0.020697
0,0.018012
0,0.024389
0,0.031637
0,0.018175
0,0.018488
0,0.019382
0,0.020559
0,0.026320
0,0.023636
0,0.019644
0,0.018878
0,0.018350
0,0.021019
0,0.022894
0,0.017998
0,0.020857
0,0.019812
0,0.018316
0,0.020299
0,0.018824
0,0.019572
0,0.028274
0,0.022696
0,0.027330
0,0.022922
0,0.022068
0,0.017108
0,0.018863
0,0.017873
0,0.016340
0,0.016703
0,0.023832
0,0.023299
0,0.016968
0,0.020541
0,0.024552
0,0.024875
0,0.022220
0,0.016921
0,0.016848
0,0.027351
0,0.016052
0,0.019308
0,0.017108
0,0.017053
0,0.016327
0,0.018757
0,0.019243
0,0.018828
0,0.018508
0,0.018036
0,0.026543
0,0.024782
0,0.023055
0,0.020090
0,0.017107
0,0.020475
0,0.019547
0,0.016321
0,0.018455
0,0.029179
0,0.025477
0,0.024533
0,0.025734
0,0.019442
0,0.017617
0,0.018371
0,0.018725
0,0.017856
0,0.016958
0,0.016383
0,0.018599
0,0.020704
0,0.016878
0,0.019642
0,0.018992
0,0.020058
0,0.023662
0,0.026470
0,0.027373
0,0.023568
0,0.020907
0,0.017328
0,0.019478
0,0.016857
0,0.016872
0,0.020565
0,0.019000
0,0.023814
0,0.025703
0,0.021624
0,0.021301
0,0.016839
0,0.017749
0,0.016402
0,0.017734
0,0.019976
0,0.018478
0,0.017147
0,0.017076
0,0.025469
0,0.020699
0,0.022824
0,0.020241
0,0.016850
0,0.017829
0,0.019316
0,0.019353
0,0.019974
0,0.017219
0,0.018273
0,0.025513
0,0.026311
0,0.023711
0,0.019194
0,0.017780
0,0.022416
0,0.017978
0,0.017202
0,0.022523
0,0.026060
0,0.022036
0,0.020321
0,0.027830
0,0.022789
0,0.023462
0,0.016705
0,0.018693
0,0.019669
0,0.017221
0,0.018398
0,0.020013
0,0.016601
0,0.018169
0,0.019165
0,0.018735
0,0.023091
0,0.024323
0,0.024174
0,0.029459
0,0.023219
0,0.017295
0,0.016855
0,0.019164
0,0.016657
0,0.019969
0,0.018813
0,0.020142
0,0.028322
0,0.022957
0,0.022335
0,0.016098
0,0.016409
0,0.018146
0,0.017067
0,0.018289
0,0.017721
0,0.017047
0,0.016497
0,0.024176
0,0.024345
0,0.019025
0,0.016973
0,0.018437
0,0.019565
0,0.020052
0,0.020941
0,0.019493
0,0.024286
0,0.024258
0,0.022004
0,0.019954
0,0.019010
0,0.017485
0,0.019216
0,0.019361
0,0.020443
0,0.027496
0,0.026843
0,0.030223
0,0.019430
0,0.019212
0,0.016781
0,0.020166
0,0.020933
0,0.017785
0,0.017321
0,0.017471
0,0.017346
0,0.019957
0,0.018465
0,0.018739
0,0.017888
0,0.017886
0,0.019560
0,0.019918
0,0.019751
0,0.015730
0,0.016930
0,0.017756
0,0.026145
0,0.019289
0,0.022974
0,0.018982
0,0.018160
0,0.018972
0,0.018810
0,0.017588
0,0.019168
0,0.016172
0,0.019471
0,0.020601
0,0.019936
0,0.017222
0,0.017935
0,0.021077
0,0.019804
0,0.018291
0,0.021021
0,0.015808
0,0.016759
0,0.027984
0,0.018778
0,0.020503
0,0.024014
0,0.019910
0,0.019585
0,0.016933
0,0.017981
0,0.017010
0,0.018005
0,0.021081
0,0.016987
0,0.020537
0,0.018692
0,0.018157
0,0.021434
0,0.021183
0,0.017415
0,0.021124
0,0.019500
0,0.033298
0,0.025911
0,0.025365
0,0.021916
0,0.023234
0,0.019828
0,0.020172
0,0.016867
0,0.016263
0,0.018942
0,0.019133
0,0.020429
0,0.027754
0,0.021752
0,0.021516
0,0.017593
0,0.015801
0,0.019446
0,0.016501
0,0.028938
0,0.019865
0,0.020273
0,0.020613
0,0.017325
0,0.021039
0,0.016913
0,0.018043
0,0.017934
0,0.017058
0,0.017669
0,0.024138
0,0.022260
0,0.024612
0,0.021005
0,0.020593
0,0.019327
0,0.023970
0,0.017997
0,0.017579
0,0.027864
0,0.022299
0,0.026443
0,0.024987
0,0.022267
0,0.017145
0,0.016462
0,0.017271
0,0.017298
0,0.017705
0,0.019746
0,0.018324
0,0.017096
0,0.017470
0,0.019068
0,0.018980
0,0.019299
0,0.016519
0,0.020317
0,0.018873
0,0.037132
0,0.027395
0,0.020937
0,0.019636
0,0.019243
0,0.016755
0,0.017124
0,0.017055
0,0.017266
0,0.016854
0,0.020862
0,0.026198
0,0.023780
0,0.020759
0,0.017617
0,0.020631
0,0.019335
0,0.016695
0,0.016989
0,0.019154
0,0.025142
0,0.017723
0,0.015960
0,0.018389
0,0.017684
0,0.019329
0,0.017485
0,0.017293
0,0.020156
0,0.021433
0,0.021036
0,0.019209
0,0.019076
0,0.023906
0,0.023912
0,0.022290
0,0.019585
0,0.018983
0,0.016921
0,0.018720
0,0.025605
0,0.019961
0,0.019688
0,0.022788
0,0.025742
0,0.025186
0,0.019397
0,0.018020
0,0.017977
0,0.020389
0,0.019212
0,0.019255
0,0.016592
0,0.016924
0,0.017714
0,0.021097
0,0.019267
0,0.018778
0,0.017665
0,0.022553
0,0.035275
0,0.026093
0,0.020195
0,0.020389
0,0.018656
0,0.018330
0,0.019217
0,0.019333
0,0.018116
0,0.020340
0,0.021710
0,0.024212
0,0.022854
0,0.018896
0,0.018268
0,0.017833
0,0.018146
0,0.017859
0,0.017251
0,0.028018
0,0.020996
0,0.022842
0,0.016804
0,0.018389
0,0.019859
0,0.017777
0,0.019124
0,0.019126
0,0.016046
0,0.020960
0,0.020052
0,0.019872
0,0.017107
0,0.016603
0,0.020621
0,0.023525
0,0.026775
0,0.018298
0,0.017868
0,0.033321
0,0.023067
0,0.019014
0,0.016890
0,0.021628
0,0.019278
0,0.021112
0,0.028714
0,0.022295
0,0.020734
0,0.016497
0,0.016508
0,0.018741
0,0.017964
0,0.019482
0,0.017274
0,0.016874
0,0.018691
0,0.016860
0,0.017273
0,0.029641
0,0.017672
0,0.019578
0,0.019102
0,0.018759
0,0.022317
0,0.016889
0,0.018421
0,0.020367
0,0.020775
0,0.020820
0,0.024507
0,0.021155
0,0.018356
0,0.017745
0,0.022607
0,0.015693
0,0.017237
0,0.018005
0,0.018772
0,0.024787
0,0.019623
1,0.018032
1,0.018289
1,0.021146
1,0.018488
1,0.019050
1,0.016874
1,0.017947
1,0.020226
1,0.017593
1,0.016972
1,0.019846
1,0.017415
1,0.018589
1,0.023208
1,0.018187
1,0.030640
1,0.027092
1,0.024080
1,0.017048
1,0.019452
1,0.018517
1,0.032257
1,0.024112
1,0.020727
1,0.017686
1,0.016333
1,0.018266
1,0.019995
1,0.019020
1,0.019700
1,0.019904
1,0.018286
1,0.019820
1,0.021274
1,0.025613
1,0.019299
1,0.020576
1,0.022930
1,0.021514
1,0.025963
1,0.022680
1,0.021711
1,0.018558
1,0.015780
1,0.018064
1,0.016974
1,0.023027
1,0.016343
1,0.020599
1,0.024878
1,0.024248
1,0.022984
1,0.016992
1,0.025848
1,0.019822
1,0.020995
1,0.017271
1,0.017487
1,0.017986
1,0.017844
1,0.016910
1,0.020163
1,0.018384
1,0.018785
1,0.023292
1,0.020055
1,0.025294
1,0.023967
1,0.021479
1,0.021356
1,0.024465
1,0.018332
1,0.019439
1,0.030707
1,0.025230
1,0.019543
1,0.018479
1,0.017777
1,0.017911
1,0.017309
1,0.024156
1,0.023112
1,0.020100
1,0.018745
1,0.021609
1,0.017352
1,0.021703
1,0.019825
1,0.016985
1,0.017126
1,0.020305
1,0.021551
1,0.034572
1,0.023663
1,0.022835
1,0.015917
1,0.018153
1,0.018157
1,0.017941
1,0.019752
1,0.015935
1,0.017214
1,0.019101
1,0.020748
1,0.018520
1,0.018869
1,0.015841
1,0.020833
1,0.022175
1,0.017233
1,0.021043
1,0.018034
1,0.018416
1,0.027143
1,0.022705
1,0.019151
1,0.017590
1,0.021337
1,0.017599
1,0.019702
1,0.019722
1,0.015984
1,0.016971
1,0.018663
1,0.017013
1,0.024284
1,0.018337
1,0.019371
1,0.022155
1,0.020857
1,0.023343
1,0.020377
1,0.018300
1,0.026655
1,0.017691
1,0.020942
1,0.021125
1,0.025173
1,0.023340
1,0.020835
1,0.019240
1,0.016943
1,0.023033
1,0.017485
1,0.020929
1,0.018281
1,0.016365
1,0.021364
1,0.018136
1,0.022859
1,0.019553
1,0.017270
1,0.017999
1,0.024727
1,0.019002
1,0.022957
1,0.019220
1,0.020018
1,0.018278
1,0.029592
1,0.019404
1,0.018081
1,0.018946
1,0.019490
1,0.022527
1,0.020319
1,0.019022
1,0.018108
1,0.020836
1,0.021425
1,0.022625
1,0.017983
1,0.024938
1,0.018840
1,0.020146
1,0.027552
1,0.024733
1,0.022683
1,0.020653
1,0.017982
1,0.016039
1,0.016397
1,0.021024
1,0.017242
1,0.019188
1,0.021248
1,0.019200
1,0.022732
1,0.028918
1,0.022523
1,0.017039
1,0.024005
1,0.022519
1,0.018513
1,0.019157
1,0.017450
1,0.017088
1,0.021698
1,0.018437
1,0.017131
1,0.019794
1,0.018578
1,0.018002
1,0.018584
1,0.020047
1,0.017837
1,0.018295
1,0.024909
1,0.025928
1,0.021740
1,0.020894
1,0.025162
1,0.019027
1,0.019135
1,0.018022
1,0.017818
1,0.016051
1,0.018682
1,0.024605
1,0.023436
1,0.026347
1,0.019215
1,0.021915
1,0.018617
1,0.017892
1,0.020116
1,0.017915
1,0.019131
1,0.018706
1,0.017979
1,0.018355
1,0.020045
1,0.024202
1,0.028910
1,0.019624
1,0.022890
1,0.024186
1,0.023730
1,0.020556
1,0.020195
1,0.018674
1,0.018339
1,0.024343
1,0.016668
1,0.020545
1,0.021926
1,0.030590
1,0.023819
1,0.016948
1,0.018219
1,0.025672
1,0.022090
1,0.018016
1,0.016166
1,0.017949
1,0.016547
1,0.016579
1,0.022350
1,0.016009
1,0.018331
1,0.018015
1,0.018678
1,0.022278
1,0.018754
1,0.017597
1,0.023797
1,0.026929
1,0.039952
1,0.023278
1,0.028517
1,0.022207
1,0.034895
1,0.021150
1,0.020096
1,0.025182
1,0.034800
1,0.028880
1,0.018069
1,0.022590
1,0.021188
1,0.019134
1,0.031860
1,0.024086
1,0.019377
1,0.023373
1,0.033258
1,0.025299
1,0.022197
1,0.020573
1,0.025951
1,0.033047
1,0.022414
1,0.027397
1,0.040973
1,0.035298
1,0.033686
1,0.031050
1,0.025948
1,0.029673
1,0.039907
1,0.029691
1,0.025160
1,0.031446
1,0.031226
1,0.022930
1,0.027329
1,0.027072
1,0.043709
1,0.028172
1,0.024973
1,0.026178
1,0.030254
1,0.035950
1,0.022555
1,0.020921
1,0.034036
1,0.027889
1,0.026327
1,0.031943
1,0.022313
1,0.028043
1,0.026031
1,0.030042
1,0.032625
1,0.027118
1,0.029616
1,0.022871
1,0.040435
1,0.027081
1,0.025905
1,0.040973
1,0.029929
1,0.025188
1,0.020433
1,0.023990
1,0.030357
1,0.033905
1,0.029119
1,0.029494
1,0.030800
1,0.032756
1,0.031838
1,0.031130
1,0.033887
1,0.028241
1,0.025594
1,0.030780
1,0.033190
1,0.022207
1,0.033113
1,0.041076
1,0.032556
1,0.033944
1,0.037019
1,0.028835
1,0.024568
1,0.033356
1,0.040627
1,0.035341
1,0.030318
1,0.026989
1,0.025503
1,0.028707
1,0.031937
1,0.024851
1,0.026369
1,0.035977
1,0.032095
1,0.029842
1,0.030063
1,0.030178
1,0.027726
1,0.033256
1,0.023453
1,0.024265
1,0.026744
1,0.025499
1,0.023017
1,0.032810
1,0.031862
1,0.029447
1,0.032412
1,0.028833
1,0.034133
1,0.027923
1,0.028423
1,0.023487
1,0.023509
1,0.031636
1,0.038171
1,0.029823
1,0.023099
1,0.023299
1,0.020210
1,0.026894
1,0.024844
1,0.022951
1,0.019005
1,0.017149
1,0.025243
1,0.021765
1,0.019956
1,0.018744
1,0.017555
1,0.020702
1,0.019716
1,0.019802
1,0.017086
1,0.018439
1,0.030833
1,0.026119
1,0.031832
1,0.028728
1,0.030337
1,0.029765
1,0.022351
1,0.019641
1,0.020991
1,0.019922
1,0.028018
1,0.025399
1,0.021181
1,0.023876
1,0.023029
1,0.034271
1,0.024045
1,0.021554
1,0.023990
1,0.022943
1,0.028632
1,0.023998
1,0.024620
1,0.029006
1,0.024962
1,0.024639
1,0.025656
1,0.027275
1,0.028287
1,0.037645
1,0.035215
1,0.029553
1,0.026713
1,0.027010
1,0.027628
1,0.024258
1,0.015787
1,0.019247
1,0.017916
1,0.027473
1,0.024744
1,0.022984
1,0.019000
1,0.016989
1,0.021884
1,0.017757
1,0.016940
1,0.017225
1,0.017687
1,0.020417
1,0.018094
1,0.016686
1,0.017876
1,0.017953
1,0.029436
1,0.019952
1,0.021865
1,0.018308
1,0.017930
1,0.022048
1,0.020186
1,0.021220
1,0.028238
1,0.021879
1,0.022519
1,0.015795
1,0.016784
1,0.018089
1,0.019291
1,0.021567
1,0.019412
1,0.019499
1,0.021064
1,0.034207
1,0.027960
1,0.021787
1,0.019915
1,0.018059
1,0.019230
1,0.018237
1,0.020722
1,0.023081
1,0.018036
1,0.031394
1,0.021764
1,0.020882
1,0.023198
1,0.024593
1,0.025042
1,0.022561
1,0.024497
1,0.034240
1,0.021957
1,0.017746
1,0.017249
1,0.016764
1,0.019014
1,0.017914
1,0.016003
1,0.016264
1,0.019924
1,0.023180
1,0.027471
1,0.021433
1,0.017607
1,0.019291
1,0.018300
1,0.019889
1,0.016491
1,0.016256
1,0.018228
1,0.026601
1,0.021815
1,0.017520
1,0.019791
1,0.017381
1,0.019023
1,0.019432
1,0.019389
1,0.019473
1,0.019827
1,0.025146
1,0.023640
1,0.022727
1,0.020748
1,0.020238
1,0.018955
1,0.016661
1,0.018372
1,0.017850
1,0.023197
1,0.035857
1,0.024985
1,0.017214
1,0.016891
1,0.021141
1,0.018410
1,0.018857
1,0.018721
1,0.019017
1,0.019592
1,0.020032
1,0.021203
1,0.017985
1,0.018423
1,0.024300
1,0.018507
1,0.019418
1,0.021544
1,0.020706
1,0.027667
1,0.020881
1,0.019223
1,0.016586
1,0.018001
1,0.021939
1,0.017723
1,0.017686
1,0.018336
1,0.015810
1,0.017069
1,0.019271
1,0.018336
1,0.019391
1,0.016520
1,0.019774
1,0.025942
1,0.021210
1,0.022338
1,0.020093
1,0.019288
1,0.029071
1,0.018962
1,0.018028
1,0.022105
1,0.029136
1,0.021681
1,0.020466
1,0.017967
1,0.017253
1,0.020291
1,0.015963
1,0.016397
1,0.017807
1,0.016220
1,0.018073
1,0.021740
1,0.017483
1,0.017629
1,0.019906
1,0.024559
1,0.030080
1,0.024224
1,0.020437
1,0.023297
1,0.022192
1,0.019229
1,0.018836
1,0.021028
1,0.019362
1,0.019824
1,0.016184
1,0.019092
1,0.019631
1,0.019716
1,0.020082
1,0.016711
1,0.017528
1,0.020201
1,0.019084
1,0.027026
1,0.029411
1,0.024013
1,0.021219
1,0.018245
1,0.022906
1,0.018567
1,0.016369
1,0.021028
1,0.017925
1,0.018231
1,0.016834
1,0.018824
1,0.025906
1,0.024394
1,0.021448
1,0.017479
1,0.017035
1,0.020545
1,0.016316
1,0.027058
1,0.020208
1,0.019421
1,0.017587
1,0.019782
1,0.019526
1,0.021130
1,0.019282
1,0.021385
1,0.022411
1,0.024783
1,0.022328
1,0.021835
1,0.020802
1,0.019667
1,0.018332
1,0.018668
1,0.018481
1,0.016833
1,0.021324
1,0.024948
1,0.025876
1,0.025942
1,0.021490
1,0.016686
1,0.017575
1,0.017657
1,0.016338
1,0.018127
1,0.020449
1,0.019407
1,0.017524
1,0.015836
1,0.019116
1,0.019792
1,0.020950
1,0.021295
1,0.019732
1,0.018498
1,0.024017
1,0.033783
1,0.027605
1,0.022599
1,0.020173
1,0.017267
1,0.016406
1,0.017174
1,0.018630
1,0.018038
1,0.021895
1,0.023953
1,0.021467
1,0.023778
1,0.020228
1,0.015967
1,0.022792
1,0.017061
1,0.017227
1,0.019125
1,0.029967
1,0.021443
1,0.018715
1,0.020451
1,0.021183
1,0.019069
1,0.021391
1,0.024637
1,0.027007
1,0.021654
1,0.020802
1,0.017588
1,0.018588
1,0.019582
1,0.016777
1,0.020843
1,0.021662
1,0.019919
1,0.040478
1,0.024844
1,0.019306
1,0.016681
1,0.019977
1,0.016928
1,0.016698
1,0.017653
1,0.016265
1,0.019740
1,0.019723
1,0.017973
1,0.018117
1,0.017081
1,0.017610
1,0.021437
1,0.018333
1,0.018406
1,0.022189
1,0.020260
1,0.022904
1,0.036945
1,0.021464
1,0.017518
1,0.020735
1,0.020036
1,0.017130
1,0.021275
1,0.018753
1,0.019301
1,0.028273
1,0.022646
1,0.020751
1,0.021641
1,0.025858
1,0.020652
1,0.019115
1,0.019568
1,0.017291
1,0.028147
1,0.020868
1,0.025716
1,0.022341
1,0.025612
1,0.020570
1,0.016793
1,0.019163
1,0.021893
1,0.022747
1,0.016873
1,0.018492
1,0.018911
1,0.018973
1,0.019856
1,0.020011
1,0.017100
1,0.015667
1,0.019982
1,0.020121
1,0.033748
1,0.025475
1,0.021728
1,0.021422
1,0.016815
1,0.016689
1,0.017650
1,0.017187
1,0.017473
1,0.024827
1,0.026754
1,0.022971
1,0.017855
1,0.019104
1,0.016346
1,0.018025
1,0.019819
1,0.017310
1,0.016820
1,0.024826
1,0.024878
1,0.017760
1,0.017680
1,0.017558
1,0.019349
1,0.018643
1,0.016105
1,0.016907
1,0.017642
1,0.019256
1,0.020972
1,0.018546
1,0.020593
1,0.019316
1,0.020831
1,0.017145
1,0.018864
1,0.018298
1,0.016641
1,0.020335
1,0.025277
1,0.020812
1,0.020822
1,0.020214
1,0.019048
1,0.021312
1,0.019061
1,0.018263
1,0.017900
1,0.020321
1,0.021454
1,0.024435
1,0.022186
1,0.022806
1,0.020925
1,0.018277
1,0.020870
1,0.024959
1,0.024374
1,0.026448
1,0.023073
1,0.017054
1,0.017192
1,0.022931
1,0.019580
1,0.023736
1,0.020650
1,0.023110
1,0.020794
1,0.019934
1,0.022836
1,0.016733
1,0.016575
1,0.019954
1,0.016039
1,0.019833
1,0.018822
1,0.018552
1,0.026285
1,0.032442
1,0.021489
1,0.016709
1,0.018889
1,0.017067
1,0.018021
1,0.018449
1,0.017219
1,0.019304
1,0.020079
1,0.016053
1,0.016436
1,0.018244
1,0.015959
1,0.020199
1,0.022741
1,0.020166
1,0.017942
1,0.018687
1,0.018904
1,0.026320
1,0.021169
1,0.021132
1,0.021018
1,0.024611
1,0.016513
1,0.016479
1,0.019247
1,0.017824
1,0.018167
1,0.027053
1,0.024197
1,0.023081
1,0.020642
1,0.020979
1,0.016978
1,0.015754
1,0.017537
1,0.016871
1,0.016637
1,0.022181
1,0.022953
1,0.025196
1,0.026327
1,0.022021
1,0.017956
1,0.018290
1,0.018073
1,0.017402
1,0.020081
1,0.017874
1,0.016435
1,0.018422
1,0.019354
1,0.016404
1,0.023356
1,0.017619
1,0.016866
1,0.018238
1,0.021631
1,0.021262
1,0.035304
1,0.024143
1,0.020024
1,0.019204
1,0.018884
1,0.017325
1,0.019106
1,0.020491
1,0.020791
1,0.019540
1,0.021703
1,0.029608
1,0.022967
1,0.019234
1,0.018054
1,0.017932
1,0.019541
1,0.017434
1,0.019550
1,0.031277
1,0.018897
1,0.017738
1,0.021638
1,0.018164
1,0.018226
1,0.017589
1,0.018623
1,0.018045
1,0.019625
1,0.020616
1,0.026261
1,0.026453
1,0.021504
1,0.018409
1,0.017305
1,0.019984
1,0.018116
1,0.021709
1,0.027229
1,0.019005
1,0.022041
1,0.031202
1,0.022445
1,0.019272
1,0.017160
1,0.017626
1,0.019801
1,0.019190
1,0.019285
1,0.017695
1,0.016100
1,0.017841
1,0.018637
1,0.016481
1,0.017145
1,0.017863
1,0.018573
1,0.022490
1,0.031926
1,0.026808
1,0.022282
1,0.025946
1,0.015830
1,0.018558
1,0.021236
1,0.017770
1,0.019054
1,0.018606
1,0.019998
1,0.029418
1,0.025176
1,0.019787
1,0.018415
1,0.018358
1,0.017866
1,0.018407
1,0.020310
1,0.023207
1,0.023033
1,0.018868
1,0.018507
1,0.026976
1,0.016768
1,0.017675
1,0.017452
1,0.017862
1,0.020688
1,0.020335
1,0.027141
1,0.024038
1,0.020650
1,0.023615
1,0.021340
1,0.022830
1,0.017659
1,0.019487
1,0.023981
1,0.020165
1,0.020573
1,0.018336
1,0.019697
1,0.016029
1,0.021305
1,0.022486
1,0.021664
1,0.028023
1,0.021124
1,0.021673
1,0.017804
1,0.018666
1,0.020045
1,0.016413
1,0.016737
1,0.017765
1,0.016335
1,0.017658
1,0.027688
1,0.022175
1,0.021109
1,0.017695
1,0.023921
1,0.018401
1,0.017991
1,0.019540
1,0.018319
1,0.019956
1,0.019349
1,0.016140
1,0.017567
1,0.018654
1,0.019428
1,0.020699
1,0.020130
1,0.018200
1,0.020460
1,0.027147
1,0.029513
1,0.021557
1,0.020168
1,0.016690
1,0.019959
1,0.021551
1,0.016596
1,0.022167
1,0.026987
1,0.024922
1,0.019291
1,0.018173
1,0.018961
1,0.020441
1,0.019508
1,0.018942
1,0.018000
1,0.017787
1,0.018017
1,0.019663
1,0.026264
1,0.017311
1,0.019382
1,0.019370
1,0.019911
1,0.019992
1,0.018214
1,0.021877
1,0.015919
1,0.020289
1,0.019098
1,0.017643
1,0.018192
1,0.020721
1,0.022199
1,0.020146
1,0.018846
1,0.021378
1,0.027849
1,0.022956
1,0.028020
1,0.019004
1,0.018792
1,0.018951
1,0.018737
1,0.017941
1,0.025535
1,0.023463
1,0.022298
1,0.019864
1,0.017373
1,0.018733
1,0.018198
1,0.019118
1,0.020394
1,0.019262
1,0.019046
1,0.024698
1,0.023295
1,0.030104
1,0.019798
1,0.016621
1,0.018378
1,0.018383
1,0.020639
1,0.016270
1,0.019957
1,0.029821
1,0.024030
1,0.020570
1,0.017375
1,0.016181
1,0.021831
1,0.019060
1,0.018806
1,0.017071
1,0.018211
1,0.017625
1,0.018360
1,0.027448
1,0.019202
1,0.019242
1,0.020026
1,0.021568
1,0.018740
1,0.029811
1,0.023956
1,0.022935
1,0.018219
1,0.018553
1,0.016973
1,0.018498
1,0.021449
1,0.018837
1,0.018792
1,0.019678
1,0.025815
1,0.027147
1,0.024184
1,0.021760
1,0.016920
1,0.020133
1,0.018400
1,0.015981
1,0.017454
1,0.016521
1,0.017880
1,0.020760
1,0.017266
1,0.017556
1,0.021929
1,0.019914
1,0.027209
1,0.023002
1,0.021969
1,0.019192
1,0.022306
1,0.019417
1,0.023036
1,0.019280
1,0.016956
1,0.019502
1,0.027815
1,0.023898
1,0.021178
1,0.017526
1,0.018337
1,0.017567
1,0.017427
1,0.018004
1,0.018043
1,0.018986
1,0.019969
1,0.016480
1,0.016982
1,0.018133
1,0.017106
1,0.017885
1,0.019397
1,0.024086
1,0.020616
1,0.016850
1,0.019252
1,0.020867
1,0.022441
1,0.028661
1,0.020415
1,0.021764
1,0.016036
1,0.017030
1,0.019842
1,0.018762
1,0.020623
1,0.019552
1,0.016932
1,0.017813
1,0.022043
1,0.024523
1,0.034312
1,0.021175
1,0.021045
1,0.020749
1,0.018275
1,0.017103
1,0.016708
1,0.019340
1,0.021339
1,0.021224
1,0.021171
1,0.022772
1,0.022495
1,0.021085
1,0.021043
1,0.017420
1,0.023576
1,0.018983
1,0.019020
1,0.017803
1,0.037782
1,0.024984
1,0.021477
1,0.018087
1,0.016696
1,0.019400
1,0.019848
1,0.020121
1,0.016011
1,0.017837
1,0.018032
1,0.017866
1,0.017874
1,0.020106
1,0.017202
1,0.017675
1,0.021076
1,0.020924
1,0.019280
1,0.017644
1,0.032559
1,0.026382
1,0.025786
1,0.020209
1,0.020387
1,0.018632
1,0.017869
1,0.021896
1,0.015791
1,0.018646
1,0.019334
1,0.016687
1,0.020744
1,0.017348
1,0.020658
1,0.017350
1,0.018907
1,0.024039
1,0.023017
1,0.030143
1,0.018522
1,0.018936
1,0.019110
1,0.018027
1,0.020224
1,0.018029
1,0.021194
1,0.020189
1,0.017402
1,0.022285
1,0.020910
1,0.020019
1,0.023254
1,0.017721
1,0.019214
1,0.017327
1,0.019484
1,0.021694
1,0.017498
1,0.030562
1,0.017102
1,0.017537
1,0.021275
1,0.017961
1,0.018916
1,0.017497
1,0.018161
1,0.026024
1,0.025027
1,0.022440
1,0.019331
1,0.018586
1,0.019049
1,0.016318
1,0.016149
1,0.019422
1,0.024242
1,0.025840
1,0.025536
1,0.022012
1,0.016453
1,0.017729
1,0.020183
1,0.017439
1,0.016171
1,0.017836
1,0.018430
1,0.021703
1,0.016860
1,0.016113
1,0.019133
1,0.018674
1,0.019106
1,0.019975
1,0.018495
1,0.018003
1,0.020744
1,0.019004
1,0.019772
1,0.017070
1,0.027986
1,0.020916
1,0.022026
1,0.018824
1,0.017225
1,0.017049
1,0.019904
1,0.018159
1,0.021392
1,0.019769
1,0.021883
1,0.022760
1,0.020244
1,0.021074
1,0.023654
1,0.025784
1,0.018427
1,0.019867
1,0.018537
1,0.024469
1,0.023158
1,0.020624
1,0.019581
1,0.019532
1,0.016572
1,0.018505
1,0.019522
1,0.021885
1,0.030106
1,0.023552
1,0.017863
1,0.018909
1,0.016763
1,0.018439
1,0.017815
1,0.016690
1,0.016588
1,0.018818
1,0.017664
1,0.022469
1,0.018944
1,0.022233
1,0.020503
1,0.018326
1,0.017640
1,0.015792
1,0.018875
1,0.018080
1,0.019979
1,0.019559
1,0.017592
1,0.017158
1,0.018011
1,0.021163
1,0.017904
1,0.018809
1,0.020582
1,0.029751
1,0.022858
1,0.025790
1,0.018939
1,0.017550
1,0.018476
1,0.017058
1,0.018793
1,0.018466
1,0.019318
1,0.017653
1,0.020230
1,0.029776
1,0.023815
1,0.019983
1,0.019144
1,0.017185
1,0.020100
1,0.018081
1,0.016270
1,0.018588
1,0.019518
1,0.016574
1,0.025960
1,0.020837
1,0.021586
1,0.016934
1,0.016204
1,0.019101
1,0.023177
1,0.026818
1,0.021771
1,0.020589
1,0.016137
1,0.016684
1,0.018120
1,0.019907
1,0.019241
1,0.017513
1,0.019089
1,0.027163
1,0.025754
1,0.026494
1,0.017556
1,0.018994
1,0.021751
1,0.016372
1,0.016083
1,0.018098
1,0.017527
1,0.018396
1,0.018928
1,0.016334
1,0.020621
1,0.017636
1,0.016562
1,0.020142
1,0.015896
1,0.016601
1,0.021519
1,0.016827
1,0.024220
1,0.024524
1,0.032404
1,0.024810
1,0.024023
1,0.018190
1,0.019550
1,0.018877
1,0.016445
1,0.018984
1,0.020093
1,0.018229
1,0.021258
1,0.026434
1,0.025883
1,0.019094
1,0.018830
1,0.017159
1,0.018791
1,0.021350
1,0.016816
1,0.018619
1,0.026230
1,0.017607
1,0.019428
1,0.018751
1,0.017565
1,0.021628
1,0.017175
1,0.019055
1,0.019999
1,0.019153
1,0.028760
1,0.023628
1,0.024299
1,0.016754
1,0.016508
1,0.018078
1,0.018666
1,0.020300
1,0.018407
1,0.017310
1,0.030889
1,0.025986
1,0.024285
1,0.018555
1,0.018048
1,0.019157
1,0.019260
1,0.019939
1,0.017690
1,0.017302
1,0.017714
1,0.019381
1,0.018442
1,0.019536
1,0.018466
1,0.016323
1,0.019319
1,0.021760
1,0.024618
1,0.027724
1,0.024611
1,0.023124
1,0.023778
1,0.019145
1,0.021455
1,0.018515
1,0.019628
1,0.020243
1,0.019456
1,0.022102
1,0.018252
1,0.021058
1,0.018044
1,0.020278
1,0.024904
1,0.025468
1,0.019386
1,0.016689
1,0.022046
1,0.018023
1,0.020338
1,0.019699
1,0.018020
1,0.016540
1,0.016491
1,0.019296
1,0.017802
1,0.017762
1,0.018398
1,0.019094
1,0.016834
1,0.020827
1,0.018441
1,0.021556
1,0.019030
1,0.017405
1,0.020122
1,0.021321
1,0.018252
1,0.017969
1,0.029033
1,0.021958
1,0.020051
1,0.019688
1,0.017692
1,0.016273
1,0.018745
1,0.018808
1,0.019101
1,0.018102
1,0.016482
1,0.016539
1,0.026158
1,0.019172
1,0.018536
1,0.022037
1,0.021504
1,0.023540
1,0.020534
1,0.024924
1,0.022009
1,0.024217
1,0.019426
1,0.020707
1,0.026924
1,0.022208
1,0.021602
1,0.017291
1,0.017523
1,0.017282
1,0.017865
1,0.022525
1,0.015562
1,0.018218
1,0.019974
1,0.019100
1,0.019894
1,0.018013
1,0.019831
1,0.024783
1,0.021156
1,0.026399
1,0.019796
1,0.020876
1,0.020565
1,0.022085
1,0.024267
1,0.017185
1,0.019642
1,0.017667
1,0.027356
1,0.020610
1,0.017955
1,0.018764
1,0.017721
1,0.018866
1,0.023889
1,0.016369
1,0.017330
1,0.027191
1,0.017892
1,0.018410
1,0.019126
1,0.026542
1,0.023702
1,0.025417
1,0.017984
1,0.016320
1,0.017708
1,0.016734
1,0.015993
1,0.020622
1,0.016620
1,0.019382
1,0.017544
1,0.018635
1,0.027895
1,0.026283
1,0.028222
1,0.018701
1,0.019714
1,0.017929
1,0.016419
1,0.018906
1,0.018201
1,0.018255
1,0.020383
1,0.016923
1,0.017977
1,0.019806
1,0.020892
1,0.021187
1,0.019245
1,0.023017
1,0.021299
1,0.024836
1,0.022128
1,0.018542
1,0.024006
1,0.019374
1,0.017714
1,0.019368
1,0.016767
1,0.016687
1,0.019731
1,0.024127
1,0.026453
1,0.020815
1,0.018191
1,0.020195
1,0.019821
1,0.016831
1,0.016957
1,0.017101
1,0.019454
1,0.016807
1,0.019945
1,0.019355
1,0.016475
1,0.025033
1,0.021807
1,0.020658
1,0.020728
1,0.024652
1,0.025056
1,0.022094
1,0.019527
1,0.017205
1,0.015608
1,0.016510
1,0.018813
1,0.020478
1,0.026659
1,0.027412
1,0.021499
1,0.019682
1,0.017565
1,0.019181
1,0.023668
1,0.021210
1,0.018530
1,0.017110
1,0.017667
1,0.017441
1,0.019276
1,0.021712
1,0.017184
1,0.018709
1,0.018239
1,0.019275
1,0.023263
1,0.026206
1,0.023190
1,0.020257
1,0.019597
1,0.018562
1,0.016870
1,0.016971
1,0.026172
1,0.022575
1,0.018514
1,0.019898
1,0.025806
1,0.022271
1,0.021359
1,0.017865
1,0.017355
1,0.017238
1,0.017057
1,0.017141
1,0.019924
1,0.015713
1,0.022395
1,0.020879
1,0.016675
1,0.019480
1,0.016959
1,0.017722
1,0.018326
1,0.030653
1,0.025346
1,0.021825
1,0.023203
1,0.016720
1,0.019268
1,0.021527
1,0.017842
1,0.017600
1,0.017230
1,0.030692
1,0.028808
1,0.020668
1,0.019425
1,0.017978
1,0.022361
1,0.016517
1,0.017317
1,0.032504
1,0.025405
1,0.021016
1,0.018763
1,0.019141
1,0.021484
1,0.029179
1,0.018816
1,0.019538
1,0.017637
1,0.018822
1,0.019033
1,0.018600
1,0.017105
1,0.018760
1,0.020651
1,0.020153
1,0.021214
1,0.018864
1,0.019252
1,0.029764
1,0.025779
1,0.018178
1,0.017347
1,0.019390
1,0.016108
1,0.017799
1,0.020639
1,0.021780
1,0.018295
1,0.018533
1,0.018870
1,0.019801
1,0.016797
1,0.016375
1,0.017928
1,0.016902
1,0.017679
1,0.018124
1,0.016669
1,0.021036
1,0.030024
1,0.020826
1,0.019402
1,0.018740
1,0.016960
1,0.020568
1,0.023090
1,0.021119
1,0.017648
1,0.018453
1,0.019982
1,0.018846
1,0.016695
1,0.018119
1,0.019104
1,0.017594
1,0.016801
1,0.018267
1,0.021491
1,0.017553
1,0.025758
1,0.019681
1,0.020299
1,0.019113
1,0.015988
1,0.016730
1,0.019875
1,0.020375
1,0.020767
1,0.020959
1,0.023230
1,0.024716
1,0.022326
1,0.020541
1,0.016806
1,0.016276
1,0.018300
1,0.020018
1,0.018066
1,0.017064
1,0.019938
1,0.038914
1,0.022181
1,0.018612
1,0.018289
1,0.016720
1,0.019556
1,0.017269
1,0.018250
1,0.018813
1,0.019380
1,0.019744
1,0.018882
1,0.016484
1,0.018705
1,0.018683
1,0.019237
1,0.019148
1,0.016023
1,0.019613
1,0.017561
1,0.026442
1,0.025845
1,0.024595
1,0.023943
1,0.022950
1,0.022595
1,0.016311
1,0.018025
1,0.016278
1,0.016478
1,0.016740
1,0.020021
1,0.019422
1,0.023752
1,0.024555
1,0.027654
1,0.017774
1,0.018061
1,0.018068
1,0.026561
1,0.023540
1,0.018306
1,0.018339
1,0.016052
1,0.018257
1,0.018496
1,0.019218
1,0.015743
1,0.017852
1,0.020243
1,0.017771
1,0.022781
1,0.026962
1,0.022776
1,0.020960
1,0.020590
1,0.022024
1,0.022470
1,0.017806
1,0.023723
1,0.021561
1,0.025852
1,0.028392
1,0.021063
1,0.020828
1,0.018281
1,0.019540
1,0.019562
1,0.016853
1,0.020658
1,0.017390
1,0.018319
1,0.018754
1,0.019254
1,0.017551
1,0.023288
1,0.019529
1,0.016211
1,0.019881
1,0.028337
1,0.020965
1,0.019633
1,0.023975
1,0.021472
1,0.024558
1,0.020261
1,0.016363
1,0.020713
1,0.018431
1,0.020070
1,0.019305
1,0.017081
1,0.021811
1,0.023140
1,0.027181
1,0.020439
1,0.017126
1,0.017324
1,0.027496
1,0.022253
1,0.016307
1,0.016423
1,0.021134
1,0.016554
1,0.018416
1,0.020504
1,0.018390
1,0.017274
1,0.018796
1,0.021852
1,0.020322
1,0.025284
1,0.024272
1,0.020630
1,0.019953
1,0.017146
1,0.018494
1,0.020120
1,0.026349
1,0.022142
1,0.025422
1,0.025324
1,0.024193
1,0.020344
1,0.017045
1,0.017696
1,0.016917
1,0.018818
1,0.020798
1,0.015327
1,0.018005
1,0.019730
1,0.019832
1,0.019559
1,0.018823
1,0.020551
1,0.018896
1,0.027707
1,0.026411
1,0.019922
1,0.020406
1,0.033677
1,0.020429
1,0.016029
1,0.019050
1,0.017009
1,0.017914
1,0.022734
1,0.019755
1,0.020337
1,0.017282
1,0.015586
1,0.019023
1,0.018878
1,0.023109
1,0.025115
1,0.024299
1,0.026878
1,0.018446
1,0.018096
1,0.016314
1,0.019173
1,0.019542
1,0.016938
1,0.016642
1,0.020714
1,0.017119
1,0.020553
1,0.019180
1,0.019470
1,0.018996
1,0.017295
1,0.017508
1,0.022454
1,0.019399
1,0.018439
1,0.019635
1,0.022439
1,0.022757
1,0.017870
1,0.021362
1,0.016896
1,0.019335
1,0.021222
1,0.022607
1,0.026573
1,0.022164
1,0.023067
1,0.019881
1,0.018867
1,0.018930
1,0.017273
1,0.018940
1,0.026201
1,0.024245
1,0.021969
1,0.028533
1,0.020532
1,0.016445
1,0.021202
1,0.018787
1,0.018021
1,0.019579
1,0.016435
1,0.017614
1,0.017003
1,0.017510
1,0.016718
1,0.020746
1,0.018755
1,0.017520
1,0.017692
1,0.018024
1,0.021317
1,0.016309
1,0.019343
1,0.018611
1,0.018503
1,0.030314
1,0.018233
1,0.017847
1,0.019788
1,0.027239
1,0.024610
1,0.017988
1,0.017117
1,0.017242
1,0.017629
1,0.018029
1,0.018833
1,0.016907
1,0.017586
1,0.019334
1,0.018143
1,0.020570
1,0.019982
1,0.021890
1,0.028195
1,0.025765
1,0.018832
1,0.016832
1,0.019546
1,0.017880
1,0.019958
1,0.018415
1,0.018541
1,0.018810
1,0.017833
1,0.023522
1,0.019196
1,0.016289
1,0.019384
1,0.017814
1,0.018752
1,0.018624
1,0.019747
1,0.019020
1,0.024140
1,0.032548
1,0.023924
1,0.019181
1,0.020029
1,0.016200
1,0.019104
1,0.020739
1,0.019311
1,0.017286
1,0.017951
1,0.019870
1,0.020624
1,0.024378
1,0.022849
1,0.020534
1,0.017717
1,0.020100
1,0.017602
1,0.016850
1,0.019323
1,0.025488
1,0.020616
1,0.017232
1,0.017631
1,0.019609
1,0.020174
1,0.019996
1,0.021035
1,0.025063
1,0.027364
1,0.021677
1,0.019483
1,0.017581
1,0.018004
1,0.018601
1,0.018371
1,0.016208
1,0.018648
1,0.018593
1,0.029463
1,0.031464
1,0.020590
1,0.019054
1,0.017701
1,0.018813
1,0.017110
1,0.017069
1,0.019605
1,0.018718
1,0.018340
1,0.018649
1,0.017112
1,0.017289
1,0.019407
1,0.016610
1,0.021176
1,0.018100
1,0.022939
1,0.021656
1,0.028676
1,0.028374
1,0.020413
1,0.016441
1,0.016455
1,0.017907
1,0.017967
1,0.016548
1,0.020041
1,0.025422
1,0.027318
1,0.019923
1,0.017789
1,0.017479
1,0.016842
1,0.018106
1,0.019898
1,0.016772
1,0.017607
1,0.017454
1,0.016624
1,0.027338
1,0.021412
1,0.019611
1,0.020173
1,0.019945
1,0.021823
1,0.023639
1,0.023933
1,0.022261
1,0.024271
1,0.016099
1,0.016875
1,0.017334
1,0.017354
1,0.017544
1,0.020908
1,0.017527
1,0.019186
1,0.023279
1,0.035371
1,0.020476
1,0.017894
1,0.017227
1,0.016236
1,0.017617
1,0.018923
1,0.015900
1,0.018389
1,0.018193
1,0.017061
1,0.018931
1,0.017202
1,0.017172
1,0.017564
1,0.020642
1,0.015927
1,0.023212
1,0.017204
1,0.019355
1,0.023559
1,0.029978
1,0.025327
1,0.022903
1,0.018347
1,0.016774
1,0.018169
1,0.018054
1,0.016487
1,0.017960
1,0.019327
1,0.022541
1,0.024721
1,0.018882
1,0.025908
1,0.019538
1,0.019257
1,0.017515
1,0.017243
1,0.015552
1,0.018500
1,0.030716
1,0.028959
1,0.020887
1,0.022055
1,0.021105
1,0.017084
1,0.019136
1,0.016857
1,0.024714
1,0.018987
1,0.020009
1,0.018522
1,0.018666
1,0.020972
1,0.017378
1,0.019069
1,0.017121
1,0.018337
1,0.021313
1,0.030838
1,0.029615
1,0.020536
1,0.017439
1,0.022230
1,0.021022
1,0.017537
1,0.016518
1,0.017981
1,0.020517
1,0.024905
1,0.025050
1,0.019768
1,0.016018
1,0.018946
1,0.018790
1,0.017189
1,0.019845
1,0.015899
1,0.017420
1,0.027634
1,0.019372
1,0.022143
1,0.018386
1,0.018390
1,0.021041
1,0.016704
1,0.017389
1,0.017360
1,0.017150
1,0.020867
1,0.020222
1,0.016983
1,0.019090
1,0.018287
1,0.018589
1,0.018809
1,0.016150
1,0.018213
1,0.016875
1,0.022856
1,0.029427
1,0.018890
1,0.021387
1,0.019299
1,0.017464
1,0.022157
1,0.017749
1,0.017877
1,0.017325
1,0.016059
1,0.021982
1,0.018916
1,0.018892
1,0.018097
1,0.016100
1,0.018428
1,0.019711
1,0.016311
1,0.017799
1,0.016435
1,0.018055
1,0.025786
1,0.021094
1,0.020278
1,0.027814
1,0.023922
1,0.020022
1,0.019922
1,0.020992
1,0.019406
1,0.025551
1,0.017045
1,0.017518
1,0.021041
1,0.019834
1,0.029748
1,0.023268
1,0.018877
1,0.017030
1,0.017114
1,0.026854
1,0.018942
1,0.019254
1,0.017677
1,0.017276
1,0.022066
1,0.017325
1,0.018644
1,0.017784
1,0.017021
1,0.017260
1,0.023170
1,0.018096
1,0.017654
1,0.017647
1,0.018482
1,0.020076
1,0.017625
1,0.020174
1,0.019689
1,0.020010
1,0.036877
1,0.024374
1,0.021337
1,0.017277
1,0.019457
1,0.017790
1,0.021772
1,0.019606
1,0.017888
1,0.020139
1,0.020273
1,0.025748
1,0.024265
1,0.019599
1,0.019692
1,0.016430
1,0.018046
1,0.017520
1,0.016111
1,0.024137
1,0.022701
1,0.017589
1,0.018187
1,0.019535
1,0.017828
1,0.018745
1,0.017187
1,0.017215
1,0.019143
1,0.022384
1,0.028162
1,0.021648
1,0.020076
1,0.019924
1,0.019200
1,0.018410
1,0.017930
1,0.016820
1,0.017852
1,0.019111
1,0.032987
1,0.027293
1,0.021699
1,0.017412
1,0.019872
1,0.016933
1,0.017558
1,0.017158
1,0.017774
1,0.019079
1,0.022183
1,0.016184
1,0.018919
1,0.022881
1,0.018087
1,0.016990
1,0.019158
1,0.018659
1,0.017170
1,0.017842
1,0.025292
1,0.022275
1,0.020985
1,0.026725
1,0.027770
1,0.023504
1,0.020354
1,0.018096
1,0.021273
1,0.021166
1,0.019275
1,0.018528
1,0.017420
1,0.017666
1,0.022049
1,0.026801
1,0.023294
1,0.017885
1,0.021824
1,0.025756
1,0.019515
1,0.016488
1,0.016110
1,0.019266
1,0.017160
1,0.019000
1,0.019337
1,0.019251
1,0.018257
1,0.018691
1,0.017274
1,0.020205
1,0.022499
1,0.026223
1,0.021236
1,0.020729
1,0.016871
1,0.016815
1,0.019197
1,0.021205
1,0.021813
1,0.019252
1,0.023118
1,0.029227
1,0.021440
1,0.018632
1,0.016714
1,0.015863
1,0.024065
1,0.016805
1,0.018452
1,0.017745
1,0.017874
1,0.017816
1,0.020241
1,0.017899
1,0.018369
1,0.017324
1,0.018344
1,0.020591
1,0.028662
1,0.021501
1,0.021467
1,0.020240
1,0.027393
1,0.020810
1,0.021747
1,0.020805
1,0.022856
1,0.017599
1,0.017148
1,0.022011
1,0.018822
1,0.019598
1,0.019809
1,0.026685
1,0.023931
1,0.018779
1,0.028177
1,0.019431
1,0.019714
1,0.015542
1,0.020008
1,0.020309
1,0.018050
1,0.018886
1,0.018389
1,0.019575
1,0.020534
1,0.019609
1,0.019385
1,0.018684
1,0.017374
1,0.022587
1,0.018277
1,0.017083
1,0.019582
1,0.019379
1,0.019935
1,0.027641
1,0.019970
1,0.018721
1,0.015993
1,0.019519
1,0.019865
1,0.017670
1,0.019358
1,0.022365
1,0.021122
1,0.025919
1,0.022068
1,0.020910
1,0.018714
1,0.019274
1,0.019235
1,0.021628
1,0.024022
1,0.028818
1,0.028025
1,0.018786
1,0.018122
1,0.016031
1,0.019959
1,0.019948
1,0.016306
1,0.017363
1,0.020065
1,0.017671
1,0.017044
1,0.017406
1,0.018422
1,0.015983
1,0.017917
1,0.018893
1,0.022147
1,0.017931
1,0.019911
1,0.020103
1,0.019306
1,0.027959
1,0.022479
1,0.024316
1,0.024231
1,0.021544
1,0.021353
1,0.017004
1,0.018263
1,0.017606
1,0.018154
1,0.020116
1,0.017842
1,0.022162
1,0.027053
1,0.020887
1,0.020367
1,0.018199
1,0.018143
1,0.019221
1,0.024181
1,0.022291
1,0.017657
1,0.019069
1,0.021799
1,0.020759
1,0.026669
1,0.022834
1,0.025487
1,0.017507
1,0.018212
1,0.017129
1,0.016793
1,0.020732
1,0.019633
1,0.016035
1,0.021288
1,0.025943
1,0.028461
1,0.026229
1,0.019352
1,0.018634
1,0.017720
1,0.020772
1,0.017192
1,0.018676
1,0.019279
1,0.016374
1,0.021010
1,0.019101
1,0.018123
1,0.018814
1,0.017914
1,0.018648
1,0.021365
1,0.020789
1,0.024050
1,0.024005
1,0.024411
1,0.025711
1,0.022320
1,0.018789
1,0.018177
1,0.021059
1,0.017163
1,0.017484
1,0.020986
1,0.027767
1,0.024357
1,0.018932
1,0.017599
1,0.017273
1,0.017448
1,0.020794
1,0.019021
1,0.016493
1,0.017945
1,0.017054
1,0.020837
1,0.021466
1,0.020535
1,0.022905
1,0.018545
1,0.022299
1,0.025080
1,0.023111
1,0.023469
1,0.020533
1,0.016618
1,0.016952
1,0.017098
1,0.019384
1,0.021775
1,0.020490
1,0.022700
1,0.026620
1,0.021296
1,0.020851
1,0.025722
1,0.022522
1,0.019709
1,0.016190
1,0.018548
1,0.018617
1,0.017351
1,0.019562
1,0.018555
1,0.019606
1,0.017397
1,0.016754
1,0.018387
1,0.018230
1,0.019462
1,0.019103
1,0.018554
1,0.024514
1,0.024288
1,0.022357
1,0.017312
1,0.025620
1,0.018368
1,0.018947
1,0.020241
1,0.020450
1,0.017900
1,0.017138
1,0.022327
1,0.032864
1,0.023690
1,0.018671
1,0.017777
1,0.015848
1,0.020173
1,0.018013
1,0.016325
1,0.016612
1,0.017439
1,0.017453
1,0.018226
1,0.025432
1,0.019506
1,0.019528
1,0.021936
1,0.019828
1,0.024076
1,0.022012
1,0.022169
1,0.021269
1,0.017252
1,0.018346
1,0.017897
1,0.016853
1,0.019462
1,0.018502
1,0.024915
1,0.023493
1,0.023263
1,0.019386
1,0.024812
1,0.020344
1,0.018779
1,0.016701
1,0.019617
1,0.018109
1,0.017934
1,0.017161
1,0.017043
1,0.020375
1,0.019074
1,0.020437
1,0.029761
1,0.020410
1,0.018506
1,0.018303
1,0.020042
1,0.018848
1,0.024115
1,0.025023
1,0.029634
1,0.020062
1,0.023940
1,0.020109
1,0.016705
1,0.018825
1,0.016644
1,0.020012
1,0.023287
1,0.020031
1,0.019935
1,0.020635
1,0.020084
1,0.021947
1,0.019030
1,0.019117
1,0.019825
1,0.016809
1,0.024487
1,0.032264
1,0.023333
1,0.018247
1,0.021493
1,0.017507
1,0.016986
1,0.017646
1,0.018399
1,0.021387
1,0.018522
1,0.016980
1,0.016067
1,0.017455
1,0.017932
1,0.023656
1,0.020162
1,0.019667
1,0.017604
1,0.016567
1,0.021852
1,0.020174
1,0.025518
1,0.019542
1,0.018955
1,0.021611
1,0.018062
1,0.015897
1,0.019025
1,0.018193
1,0.019813
1,0.021124
1,0.017282
1,0.018836
1,0.017076
1,0.017747
1,0.019519
1,0.016707
1,0.016726
1,0.018254
1,0.018083
1,0.018245
1,0.018858
1,0.023973
1,0.025588
1,0.019470
1,0.020611
1,0.021450
1,0.019516
1,0.026120
1,0.023163
1,0.020951
1,0.016040
1,0.016428
1,0.017821
1,0.017973
1,0.021767
1,0.019785
1,0.015734
1,0.017158
1,0.017351
1,0.020883
1,0.028182
1,0.030830
1,0.019510
1,0.018305
1,0.017988
1,0.019645
1,0.018190
1,0.019466
1,0.017680
1,0.020002
1,0.018320
1,0.015971
1,0.018024
1,0.017662
1,0.019339
1,0.019521
1,0.019471
1,0.016450
1,0.016453
1,0.020852
1,0.019095
1,0.019621
1,0.028149
1,0.022151
1,0.020231
1,0.019492
1,0.019961
1,0.018373
1,0.024571
1,0.024669
1,0.023555
1,0.018839
1,0.017006
1,0.017989
1,0.017741
1,0.018868
1,0.021244
1,0.016561
1,0.017361
1,0.023511
1,0.022651
1,0.032681
1,0.019353
1,0.019191
1,0.019345
1,0.019518
1,0.018272
1,0.017510
1,0.018671
1,0.019375
1,0.015758
1,0.018528
1,0.016531
1,0.016474
1,0.018980
1,0.021410
1,0.018318
1,0.018753
1,0.021299
1,0.026080
1,0.023002
1,0.028529
1,0.019903
1,0.018989
1,0.020119
1,0.017057
1,0.016643
1,0.016906
1,0.021109
1,0.025400
1,0.030445
1,0.024177
1,0.017947
1,0.022392
1,0.018939
1,0.018918
1,0.018579
1,0.016062
1,0.020216
1,0.020666
1,0.017230
1,0.025709
1,0.019709
1,0.019357
1,0.021105
1,0.016470
1,0.023412
1,0.016026
1,0.018681
1,0.021198
1,0.018435
1,0.021001
1,0.024168
1,0.025221
1,0.020097
1,0.018843
1,0.019364
1,0.019536
1,0.021981
1,0.023913
1,0.022788
1,0.021311
1,0.022504
1,0.026585
1,0.021349
1,0.019513
1,0.017153
1,0.016504
1,0.019779
1,0.016089
1,0.016670
1,0.016617
1,0.016727
1,0.017445
1,0.019734
1,0.017270
1,0.020537
1,0.018070
1,0.019393
1,0.024019
1,0.019917
1,0.034856
1,0.022060
1,0.022693
1,0.017976
1,0.016454
1,0.019654
1,0.017218
1,0.018878
1,0.019696
1,0.016946
1,0.025706
1,0.024281
1,0.023227
1,0.017062
1,0.016926
1,0.017485
1,0.018949
1,0.020038
1,0.016476
1,0.022351
1,0.020703
1,0.017420
1,0.019264
1,0.018441
1,0.019325
1,0.017008
1,0.016810
1,0.018690
1,0.019627
1,0.018941
1,0.017913
1,0.017359
1,0.025145
1,0.024375
1,0.018230
1,0.016860
1,0.018169
1,0.021943
1,0.018884
1,0.018801
1,0.035123
1,0.021242
1,0.023715
1,0.022993
1,0.024867
1,0.022231
1,0.021863
1,0.017625
1,0.017543
1,0.016771
1,0.017922
1,0.018913
1,0.019943
1,0.018716
1,0.017872
1,0.015611
1,0.019970
1,0.024838
1,0.016111
1,0.023921
1,0.021167
1,0.020121
1,0.018418
1,0.015933
1,0.017687
1,0.018549
1,0.017854
1,0.020817
1,0.019522
1,0.019361
1,0.015938
1,0.016942
1,0.019195
1,0.019480
1,0.018078
1,0.017224
1,0.018115
1,0.018056
1,0.025007
1,0.022068
1,0.030415
1,0.021155
1,0.021085
1,0.019105
1,0.015809
1,0.017806
1,0.017410
1,0.023470
1,0.026457
1,0.022248
1,0.017780
1,0.017222
1,0.017974
1,0.018788
1,0.016946
1,0.018196
1,0.016642
1,0.019462
1,0.022520
1,0.015871
1,0.017658
1,0.027048
1,0.019042
1,0.020534
1,0.017089
1,0.018466
1,0.020431
1,0.020775
1,0.022906
1,0.016326
1,0.024240
1,0.022871
1,0.022452
1,0.021385
1,0.018036
1,0.019108
1,0.018015
1,0.023701
1,0.025481
1,0.018726
1,0.025255
1,0.020584
1,0.022483
1,0.022083
1,0.016385
1,0.017212
1,0.017203
1,0.018794
1,0.022269
1,0.022971
1,0.024206
1,0.022572
1,0.021517
1,0.017178
1,0.015538
1,0.019380
1,0.016740
1,0.018050
1,0.019753
1,0.015847
1,0.028729
1,0.027301
1,0.023997
1,0.018725
1,0.020693
1,0.018910
1,0.018416
1,0.021264
1,0.017149
1,0.018484
1,0.019307
1,0.018017
1,0.023243
1,0.018927
1,0.016138
1,0.018403
1,0.019586
1,0.022144
1,0.019749
1,0.018978
1,0.036158
1,0.024620
1,0.019888
1,0.019159
1,0.019364
1,0.019563
1,0.017149
1,0.022167
1,0.018184
1,0.018496
1,0.021477
1,0.029280
1,0.022533
1,0.017914
1,0.015664
1,0.017428
1,0.017777
1,0.018627
1,0.016650
1,0.017010
1,0.026381
1,0.019357
1,0.017911
1,0.017854
1,0.017243
1,0.019184
1,0.024120
1,0.026680
1,0.022780
1,0.019307
1,0.018261
1,0.017616
1,0.019092
1,0.021035
1,0.019919
1,0.017272
1,0.024176
1,0.025630
1,0.024401
1,0.025830
1,0.021409
1,0.020047
1,0.017502
1,0.016821
1,0.018503
1,0.020407
1,0.018750
1,0.017651
1,0.016566
1,0.017020
1,0.017533
1,0.017774
1,0.019930
1,0.017577
1,0.019874
1,0.017414
1,0.021805
1,0.026961
1,0.023068
1,0.025987
1,0.022475
1,0.023226
1,0.017928
1,0.020375
1,0.017232
1,0.019985
1,0.020302
1,0.019847
1,0.019880
1,0.024304
1,0.024920
1,0.021966
1,0.019131
1,0.018649
1,0.016153
1,0.019360
1,0.018691
1,0.016000
1,0.018406
1,0.023279
1,0.019933
1,0.021579
1,0.018542
1,0.022606
1,0.021260
1,0.024250
1,0.022156
1,0.019223
1,0.018581
1,0.016847
1,0.022507
1,0.020687
1,0.017610
1,0.025581
1,0.025677
1,0.023158
1,0.018610
1,0.016324
1,0.025576
1,0.019499
1,0.020911
1,0.017125
1,0.016451
1,0.017496
1,0.022821
1,0.020807
1,0.019019
1,0.017562
1,0.017837
1,0.019873
1,0.018158
1,0.020517
1,0.016923
1,0.020946
1,0.026453
1,0.025910
1,0.018811
1,0.019528
1,0.023753
1,0.021167
1,0.021080
1,0.020708
1,0.024103
1,0.025502
1,0.023622
1,0.019965
1,0.016866
1,0.023102
1,0.018017
1,0.018253
1,0.017989
1,0.016523
1,0.016172
1,0.018857
1,0.017849
1,0.022837
1,0.016342
1,0.017836
1,0.025217
1,0.020335
1,0.021434
1,0.018684
1,0.019870
1,0.019660
1,0.017640
1,0.020409
1,0.018767
1,0.019673
1,0.019670
1,0.018788
1,0.021665
1,0.020002
1,0.018576
1,0.016890
1,0.020154
1,0.018619
1,0.017971
1,0.017369
1,0.018910
1,0.027597
1,0.019535
1,0.019436
1,0.019062
1,0.017460
1,0.019600
1,0.018720
1,0.019135
1,0.018493
1,0.017649
1,0.016633
1,0.019767
1,0.018977
1,0.023296
1,0.021137
1,0.022490
1,0.019095
1,0.019052
1,0.018090
1,0.017574
1,0.024187
1,0.020058
1,0.019905
1,0.017673
1,0.017904
1,0.017470
1,0.029291
1,0.018843
1,0.016994
1,0.017807
1,0.017109
1,0.018529
1,0.017374
1,0.017113
1,0.018715
1,0.018409
1,0.016632
1,0.022138
1,0.025183
1,0.047757
1,0.024923
1,0.024770
1,0.019472
1,0.015726
1,0.020840
1,0.017326
1,0.024808
1,0.019683
1,0.022725
1,0.024850
1,0.022834
1,0.017232
1,0.019569
1,0.017066
1,0.016346
1,0.021552
1,0.018547
1,0.019691
1,0.017770
1,0.026566
1,0.022814
1,0.016749
1,0.017937
1,0.021474
1,0.016821
1,0.018500
1,0.020467
1,0.016707
1,0.019934
1,0.018598
1,0.030819
1,0.023649
1,0.020754
1,0.016454
1,0.016953
1,0.019110
1,0.018139
1,0.019038
1,0.019956
1,0.024057
1,0.028286
1,0.022576
1,0.024731
1,0.018415
1,0.021010
1,0.021332
1,0.019052
1,0.017328
1,0.016678
1,0.017672
1,0.019846
1,0.017453
1,0.016463
1,0.018186
1,0.018335
1,0.019049
1,0.023525
1,0.026659
1,0.027813
1,0.022201
1,0.020038
1,0.016052
1,0.016719
1,0.018199
1,0.018103
1,0.022463
1,0.017378
1,0.018260
1,0.026515
1,0.025259
1,0.020329
1,0.017456
1,0.016547
1,0.018588
1,0.017085
1,0.018355
1,0.018292
1,0.016343
1,0.017773
1,0.027086
1,0.026488
1,0.020447
1,0.019489
1,0.022299
1,0.017694
1,0.029028
1,0.028718
1,0.024237
1,0.019948
1,0.021118
1,0.033895
1,0.028258
1,0.025333
1,0.022098
1,0.020266
1,0.018068
1,0.031375
1,0.025960
1,0.018544
1,0.032609
1,0.030502
1,0.026980
1,0.021825
1,0.023003
1,0.022389
1,0.018867
1,0.023933
1,0.025153
1,0.020407
1,0.023075
1,0.027094
1,0.024327
1,0.028739
1,0.026644
1,0.025964
1,0.029732
1,0.030544
1,0.031511
1,0.027036
1,0.021860
1,0.020116
1,0.022729
1,0.025986
1,0.020037
1,0.019793
1,0.029118
1,0.039767
1,0.032124
1,0.022217
1,0.019919
1,0.021634
1,0.020446
1,0.020791
1,0.023035
1,0.023414
1,0.019837
1,0.021840
1,0.030554
1,0.024460
1,0.020932
1,0.021144
1,0.027174
1,0.022271
1,0.024437
1,0.038282
1,0.025604
1,0.025869
1,0.019151
1,0.020464
1,0.027683
1,0.022184
1,0.026063
1,0.043856
1,0.025629
1,0.028852
1,0.019309
1,0.034044
1,0.026845
1,0.040200
1,0.032268
1,0.032443
1,0.021515
1,0.023330
1,0.026603
1,0.023265
1,0.020905
1,0.023368
1,0.026513
1,0.023900
1,0.020069
1,0.021645
1,0.019396
1,0.024905
1,0.018840
1,0.030177
1,0.034812
1,0.028268
1,0.021300
1,0.022655
1,0.029701
1,0.021140
1,0.022354
1,0.026628
1,0.032908
1,0.022102
1,0.020805
1,0.023975
1,0.021889
1,0.022411
1,0.031141
1,0.018979
1,0.039339
1,0.023548
1,0.026592
1,0.029385
1,0.025540
1,0.023087
1,0.022201
1,0.020397
1,0.028914
1,0.024034
1,0.019639
1,0.020309
1,0.017840
1,0.023737
1,0.020378
1,0.020271
1,0.018013
1,0.023556
1,0.019098
1,0.019696
1,0.018257
1,0.024889
1,0.028262
1,0.022237
1,0.016700
1,0.019508
1,0.021234
1,0.022227
1,0.020130
1,0.016884
1,0.018188
1,0.021304
1,0.018101
1,0.017888
1,0.019987
1,0.017867
1,0.025262
1,0.020369
1,0.017886
1,0.020670
1,0.016591
1,0.022749
1,0.027990
1,0.023209
1,0.020121
1,0.019352
1,0.019822
1,0.020033
1,0.018464
1,0.019168
1,0.018924
1,0.019980
1,0.018921
1,0.017807
1,0.024088
1,0.024534
1,0.030659
1,0.018304
1,0.021708
1,0.019634
1,0.017295
1,0.021060
1,0.017153
1,0.016572
1,0.017530
1,0.019050
1,0.018742
1,0.018829
1,0.018310
1,0.020798
1,0.020530
1,0.018464
1,0.024836
1,0.022306
1,0.023772
1,0.026786
1,0.025292
1,0.018868
1,0.018003
1,0.019480
1,0.016755
1,0.021109
1,0.017007
1,0.020092
1,0.019715
1,0.023646
1,0.027586
1,0.020134
1,0.018860
1,0.016001
1,0.016925
1,0.020460
1,0.016025
1,0.016298
1,0.017135
1,0.017601
1,0.024931
1,0.020537
1,0.018489
1,0.021354
1,0.019377
1,0.018430
1,0.021118
1,0.016715
1,0.019732
1,0.024214
1,0.024171
1,0.022287
1,0.020048
1,0.019029
1,0.019086
1,0.021257
1,0.023586
1,0.017131
1,0.022824
1,0.038117
1,0.024333
1,0.018219
1,0.019147
1,0.016622
1,0.020428
1,0.018088
1,0.017488
1,0.018097
1,0.017653
1,0.017490
1,0.021408
1,0.017178
1,0.018303
1,0.020167
1,0.019360
1,0.019531
1,0.019203
1,0.020311
1,0.024067
1,0.034454
1,0.022570
1,0.018368
1,0.016208
1,0.018351
1,0.017734
1,0.019733
1,0.016671
1,0.017294
1,0.018587
1,0.022793
1,0.028626
1,0.021518
1,0.019621
1,0.018987
1,0.018363
1,0.020165
1,0.016924
1,0.015721
1,0.020285
1,0.026389
1,0.018653
1,0.018973
1,0.015781
1,0.016267
1,0.018214
1,0.028743
1,0.024597
1,0.020704
1,0.027890
1,0.026102
1,0.026022
1,0.022381
1,0.021718
1,0.019926
1,0.020373
1,0.020083
1,0.023270
1,0.038704
1,0.018956
1,0.026076
1,0.017695
1,0.022474
1,0.021865
1,0.020806
1,0.018458
1,0.027481
1,0.029451
1,0.026448
1,0.028492
1,0.021868
1,0.023508
1,0.022215
1,0.029138
1,0.027294
1,0.030900
1,0.024859
1,0.023909
1,0.023189
1,0.023682
1,0.018143
1,0.033242
1,0.028048
1,0.022714
1,0.020012
1,0.020602
1,0.019959
1,0.027781
1,0.017005
1,0.017203
1,0.019588
1,0.034106
1,0.026756
1,0.018209
1,0.018846
1,0.017201
1,0.020024
1,0.019175
1,0.016100
1,0.019805
1,0.017876
1,0.018258
1,0.020051
1,0.018056
1,0.017416
1,0.020135
1,0.018739
1,0.019942
1,0.016514
1,0.018944
1,0.018448
1,0.015721
1,0.023670
1,0.022832
1,0.019227
1,0.018377
1,0.017694
1,0.020013
1,0.020558
1,0.021982
1,0.019754
1,0.019109
1,0.020429
1,0.019821
1,0.017321
1,0.016635
1,0.019397
1,0.019203
1,0.020416
1,0.018443
1,0.018042
1,0.022027
1,0.034973
1,0.024619
1,0.021067
1,0.019257
1,0.015949
1,0.021029
1,0.017693
1,0.017241
1,0.021448
1,0.026170
1,0.029090
1,0.017021
1,0.019314
1,0.018403
1,0.017336
1,0.021781
1,0.018304
1,0.017848
1,0.018848
1,0.017785
1,0.026407
1,0.020921
1,0.017801
1,0.018131
1,0.017307
1,0.020551
1,0.018736
1,0.017646
1,0.018780
1,0.017739
1,0.020787
1,0.025824
1,0.023873
1,0.021708
1,0.018606
1,0.018650
1,0.016547
1,0.018116
1,0.016587
1,0.019038
1,0.029544
1,0.024223
1,0.025937
1,0.021862
1,0.018623
1,0.017488
1,0.017397
1,0.017950
1,0.017444
1,0.016929
1,0.017396
1,0.018772
1,0.019261
1,0.017367
1,0.020210
1,0.019723
1,0.020170
1,0.020253
1,0.016366
1,0.017000
1,0.017534
1,0.025413
1,0.021096
1,0.020539
1,0.023866
1,0.027643
1,0.022945
1,0.019920
1,0.019333
1,0.017965
1,0.017794
1,0.016849
1,0.018783
1,0.017129
1,0.016996
1,0.023333
1,0.025457
1,0.025267
1,0.019623
1,0.018515
1,0.024309
1,0.020772
1,0.018668
1,0.017396
1,0.020420
1,0.018660
1,0.016509
1,0.017773
1,0.017437
1,0.017613
1,0.017428
1,0.019683
1,0.018507
1,0.021476
1,0.026470
1,0.026383
1,0.019966
1,0.017238
1,0.016863
1,0.016672
1,0.023575
1,0.026923
1,0.020018
1,0.019672
1,0.025621
1,0.026555
1,0.019136
1,0.018294
1,0.016000
1,0.019103
1,0.021198
1,0.018738
1,0.019422
1,0.016317
1,0.019427
1,0.019670
1,0.015550
1,0.016252
1,0.018450
1,0.016800
1,0.018872
1,0.027996
1,0.018435
1,0.021847
1,0.017818
1,0.019108
1,0.023617
1,0.023100
1,0.024511
1,0.021562
1,0.020684
1,0.016387
1,0.016010
1,0.018765
1,0.017016
1,0.021148
1,0.018788
1,0.023372
1,0.027732
1,0.023092
1,0.028857
1,0.017433
1,0.019788
1,0.017437
1,0.018264
1,0.020560
1,0.017475
1,0.017325
1,0.018420
1,0.017821
1,0.021350
1,0.016082
1,0.017075
1,0.019120
1,0.017274
1,0.020962
1,0.023442
1,0.025257
1,0.024864
1,0.019935
1,0.027525
1,0.017932
1,0.016751
1,0.017871
1,0.016840
1,0.018561
1,0.019392
1,0.019698
1,0.023823
1,0.029091
1,0.020857
1,0.017815
1,0.018281
1,0.020619
1,0.016241
1,0.019190
1,0.017819
1,0.020225
1,0.018361
1,0.018591
1,0.023748
1,0.021815
1,0.019199
1,0.018316
1,0.018672
1,0.022728
1,0.026060
1,0.020801
1,0.024107
1,0.023743
1,0.021773
1,0.022947
1,0.019165
1,0.019539
1,0.018408
1,0.018817
1,0.018805
1,0.022687
1,0.020081
1,0.031811
1,0.022128
1,0.017158
1,0.018952
1,0.031368
1,0.023717
1,0.018843
1,0.018365
1,0.019128
1,0.018887
1,0.021013
1,0.017019
1,0.016821
1,0.018556
1,0.017540
1,0.018091
1,0.020388
1,0.017517
1,0.016413
1,0.018866
1,0.025943
1,0.023057
1,0.020086
1,0.016700
1,0.021035
1,0.020097
1,0.019162
1,0.018881
1,0.016337
1,0.018657
1,0.018602
1,0.018639
1,0.021234
1,0.018551
1,0.018862
1,0.020830
1,0.015317
1,0.019442
1,0.019378
1,0.020464
1,0.032272
1,0.025366
1,0.020030
1,0.018773
1,0.019918
1,0.018321
1,0.015905
1,0.019710
1,0.023027
1,0.028020
1,0.022196
1,0.017811
1,0.017301
1,0.016982
1,0.020436
1,0.022800
1,0.015987
1,0.018664
1,0.016195
1,0.019119
1,0.027580
1,0.018386
1,0.017373
1,0.016324
1,0.017291
1,0.020301
1,0.018577
1,0.019620
1,0.020485
1,0.019766
1,0.020973
1,0.018381
1,0.025837
1,0.023972
1,0.020228
1,0.021225
1,0.016642
1,0.018414
1,0.018163
1,0.017150
1,0.034688
1,0.025932
1,0.021136
1,0.018307
1,0.019803
1,0.019948
1,0.016454
1,0.018831
1,0.019726
1,0.020369
1,0.019254
1,0.017975
1,0.019723
1,0.016836
1,0.020659
1,0.022801
1,0.016803
1,0.016814
1,0.018251
1,0.020045
1,0.033560
1,0.026994
1,0.025287
1,0.022506
1,0.019274
1,0.019242
1,0.019991
1,0.022860
1,0.017795
1,0.020299
1,0.016901
1,0.016109
1,0.019695
1,0.028308
1,0.025356
1,0.019156
1,0.015384
1,0.021102
1,0.019528
1,0.026757
1,0.018563
1,0.016738
1,0.020962
1,0.018963
1,0.018922
1,0.018631
1,0.019905
1,0.021360
1,0.018491
1,0.020152
1,0.018854
1,0.019806
1,0.026695
1,0.025242
1,0.022220
1,0.018738
1,0.016966
1,0.018392
1,0.018390
1,0.027646
1,0.021191
1,0.016426
1,0.020033
1,0.024336
1,0.026942
1,0.022537
1,0.018605
1,0.020015
1,0.016708
1,0.018850
1,0.017325
1,0.016575
1,0.017703
1,0.019622
1,0.018991
1,0.019258
1,0.017933
1,0.018839
1,0.017776
1,0.028768
1,0.020118
1,0.019766
1,0.023492
1,0.022821
1,0.023514
1,0.020042
1,0.019019
1,0.021069
1,0.016909
1,0.020676
1,0.017012
1,0.016834
1,0.021776
1,0.028484
1,0.024561
1,0.020438
1,0.017085
1,0.019939
1,0.026081
1,0.020798
1,0.019421
1,0.018852
1,0.018923
1,0.017572
1,0.019160
1,0.019304
1,0.016988
1,0.020904
1,0.018633
1,0.025079
1,0.023100
1,0.023330
1,0.023510
1,0.018536
1,0.016515
1,0.017822
1,0.019363
1,0.019207
1,0.025026
1,0.022716
1,0.025459
1,0.026317
1,0.019897
1,0.018331
1,0.020254
1,0.016891
1,0.022338
1,0.015771
1,0.017034
1,0.017544
1,0.015957
1,0.018258
1,0.020328
1,0.017995
1,0.017782
1,0.018882
1,0.017223
1,0.021549
1,0.028005
1,0.024206
1,0.025398
1,0.023869
1,0.019848
1,0.017888
1,0.019143
1,0.017770
1,0.017763
1,0.019423
1,0.020518
1,0.022120
1,0.019079
1,0.017474
1,0.020001
1,0.018485
1,0.017476
1,0.019899
1,0.017883
1,0.019422
1,0.026518
1,0.020806
1,0.028767
1,0.024830
1,0.021577
1,0.019856
1,0.024207
1,0.016903
1,0.020009
1,0.019037
1,0.016880
1,0.018964
1,0.017331
1,0.020462
1,0.021075
1,0.018439
1,0.016918
1,0.018274
1,0.018610
1,0.026394
1,0.020709
1,0.025295
1,0.028659
1,0.023067
1,0.018391
1,0.017789
1,0.021039
1,0.017707
1,0.018129
1,0.017065
1,0.020666
1,0.025982
1,0.025713
1,0.019795
1,0.017413
1,0.016552
1,0.017069
1,0.016769
1,0.019130
1,0.025893
1,0.019049
1,0.018963
1,0.015939
1,0.019847
1,0.020765
1,0.016752
1,0.017239
1,0.018131
1,0.020242
1,0.016684
1,0.017692
1,0.016795
1,0.020515
1,0.018248
1,0.019794
1,0.018009
1,0.016657
1,0.017721
1,0.019129
1,0.019798
1,0.030004
1,0.018928
1,0.017073
1,0.019562
1,0.023045
1,0.016767
1,0.017775
1,0.018050
1,0.020201
1,0.018462
1,0.017761
1,0.018211
1,0.016407
1,0.017983
1,0.018400
1,0.017117
1,0.017344
1,0.019077
1,0.020637
1,0.023694
1,0.023386
1,0.033354
1,0.022009
1,0.021702
1,0.025065
1,0.022160
1,0.019774
1,0.017506
1,0.019571
1,0.019569
1,0.016530
1,0.019562
1,0.017188
1,0.017068
1,0.019202
1,0.015654
1,0.019275
1,0.018686
1,0.026230
1,0.025538
1,0.027246
1,0.018888
1,0.017315
1,0.020584
1,0.017518
1,0.016758
1,0.018269
1,0.017305
1,0.016652
1,0.021033
1,0.016707
1,0.017264
1,0.018506
1,0.016137
1,0.017298
1,0.021715
1,0.016956
1,0.018115
1,0.019377
1,0.016628
1,0.019468
1,0.019781
1,0.028156
1,0.020826
1,0.021022
1,0.018980
1,0.020182
1,0.028937
1,0.025552
1,0.022701
1,0.017332
1,0.016004
1,0.018105
1,0.016848
1,0.016940
1,0.022165
1,0.019991
1,0.017989
1,0.019947
1,0.025519
1,0.033536
1,0.020125
1,0.019547
1,0.019808
1,0.019912
1,0.018350
1,0.017484
1,0.018128
1,0.018008
1,0.019874
1,0.017729
1,0.017286
1,0.017938
1,0.018606
1,0.018482
1,0.021819
1,0.015410
1,0.017758
1,0.020668
1,0.025946
1,0.030882
1,0.029351
1,0.017187
1,0.017273
1,0.018557
1,0.018031
1,0.016143
1,0.023367
1,0.020327
1,0.018954
1,0.020561
1,0.024060
1,0.025695
1,0.019164
1,0.019437
1,0.017438
1,0.017044
1,0.017744
1,0.018891
1,0.017874
1,0.017496
1,0.025426
1,0.016571
1,0.022886
1,0.021541
1,0.020814
1,0.020572
1,0.019879
1,0.023301
1,0.020866
1,0.019596
1,0.019095
1,0.017084
1,0.018356
1,0.021040
1,0.020351
1,0.023848
1,0.024747
1,0.021461
1,0.019866
1,0.025574
1,0.018426
1,0.018798
1,0.018484
1,0.017467
1,0.019012
1,0.017953
1,0.021825
1,0.030235
1,0.022266
1,0.019118
1,0.015317
1,0.016605
1,0.020220
1,0.018315
1,0.018922
1,0.016571
1,0.016213
1,0.018164
1,0.018511
1,0.016353
1,0.025691
1,0.018380
1,0.019081
1,0.021647
1,0.018610
1,0.021593
1,0.023347
1,0.024641
1,0.020454
1,0.017503
1,0.022526
1,0.018377
1,0.017541
1,0.018850
1,0.016585
1,0.020162
1,0.024943
1,0.025680
1,0.020513
1,0.023354
1,0.019898
1,0.018920
1,0.019536
1,0.017865
1,0.017186
1,0.016868
1,0.016288
1,0.019156
1,0.021588
1,0.017361
1,0.019841
1,0.017056
1,0.018093
1,0.020751
1,0.021114
1,0.024847
1,0.027842
1,0.023710
1,0.020955
1,0.026663
1,0.016853
1,0.017841
1,0.021183
1,0.020251
1,0.026706
1,0.022428
1,0.019592
1,0.020036
1,0.016903
1,0.017290
1,0.019146
1,0.017670
1,0.019383
1,0.016778
1,0.016894
1,0.016950
1,0.018720
1,0.018634
1,0.021744
1,0.016388
1,0.025491
1,0.017681
1,0.017650
1,0.019532
1,0.018255
1,0.018950
1,0.019533
1,0.017807
1,0.020042
1,0.018850
1,0.017008
1,0.018479
1,0.017455
1,0.017180
1,0.023081
1,0.017428
1,0.016419
1,0.018105
1,0.019575
1,0.021224
1,0.019668
1,0.025185
1,0.019151
1,0.017822
1,0.021699
1,0.017286
1,0.018667
1,0.018380
1,0.017252
1,0.018932
1,0.022562
1,0.016957
1,0.025421
1,0.022594
1,0.025259
1,0.020034
1,0.018026
1,0.018713
1,0.019286
1,0.018568
1,0.017373
1,0.022335
1,0.022346
1,0.023293
1,0.020254
1,0.017545
1,0.016562
1,0.018041
1,0.017375
1,0.017257
1,0.017811
1,0.018089
1,0.017587
1,0.020713
1,0.029463
1,0.022649
1,0.019391
1,0.018545
1,0.020012
1,0.019707
1,0.019979
1,0.026334
1,0.025597
1,0.020044
1,0.019610
1,0.019541
1,0.018002
1,0.016887
1,0.018396
1,0.019271
1,0.020696
1,0.023108
1,0.026243
1,0.022606
1,0.017152
1,0.017901
1,0.019602
1,0.017896
1,0.016748
1,0.020479
1,0.019725
1,0.028376
1,0.029602
1,0.026168
1,0.019000
1,0.020507
1,0.019448
1,0.018223
1,0.018437
1,0.017761
1,0.018735
1,0.017280
1,0.020163
1,0.019502
1,0.019499
1,0.016968
1,0.017970
1,0.018515
1,0.020225
1,0.020255
1,0.019916
1,0.033673
1,0.025718
1,0.021672
1,0.018869
1,0.018523
1,0.015959
1,0.018803
1,0.020233
1,0.017100
1,0.018386
1,0.017954
1,0.023785
1,0.026628
1,0.020420
1,0.019696
1,0.017212
1,0.018798
1,0.020279
1,0.018309
1,0.027650
1,0.020137
1,0.018218
1,0.021534
1,0.018888
1,0.018023
1,0.017118
1,0.023666
1,0.023972
1,0.022251
1,0.022098
1,0.019090
1,0.021422
1,0.021326
1,0.022319
1,0.020043
1,0.017221
1,0.020599
1,0.022018
1,0.033892
1,0.023917
1,0.020485
1,0.019175
1,0.020740
1,0.019050
1,0.018067
1,0.018986
1,0.017592
1,0.016618
1,0.016843
1,0.016325
1,0.017793
1,0.021724
1,0.018922
1,0.018261
1,0.018855
1,0.017168
1,0.019505
1,0.018624
1,0.017970
1,0.026273
1,0.020132
1,0.023520
1,0.027434
1,0.019750
1,0.020064
1,0.019617
1,0.022651
1,0.018234
1,0.017125
1,0.020615
1,0.016608
1,0.021793
1,0.017342
1,0.022393
1,0.026015
1,0.023995
1,0.020124
1,0.016686
1,0.025558
1,0.017667
1,0.019836
1,0.021963
1,0.016392
1,0.017068
1,0.018715
1,0.017835
1,0.019295
1,0.020142
1,0.020114
1,0.025496
1,0.024200
1,0.020039
1,0.018728
1,0.018116
1,0.017725
1,0.017359
1,0.018360
1,0.018832
1,0.025004
1,0.031915
1,0.024040
1,0.021267
1,0.016724
1,0.025617
1,0.017624
1,0.020402
1,0.018401
1,0.016984
1,0.017129
1,0.019855
1,0.020748
1,0.018100
1,0.017081
1,0.016634
1,0.018085
1,0.017880
1,0.020196
1,0.019589
1,0.024088
1,0.029410
1,0.025720
1,0.016921
1,0.019734
1,0.025001
1,0.019542
1,0.021288
1,0.025058
1,0.022890
1,0.021969
1,0.022028
1,0.016911
1,0.019840
1,0.015937
1,0.018121
1,0.021517
1,0.018787
1,0.020130
1,0.030020
1,0.025205
1,0.021349
1,0.019897
1,0.018107
1,0.015999
1,0.020226
1,0.020027
1,0.026887
1,0.023019
1,0.020141
1,0.019085
1,0.017228
1,0.018600
1,0.016896
1,0.016316
1,0.017865
1,0.019946
1,0.015853
1,0.019145
1,0.022649
1,0.018407
1,0.021847
1,0.016135
1,0.017737
1,0.019202
1,0.017727
1,0.018808
1,0.020140
1,0.015980
1,0.019404
1,0.017863
1,0.017449
1,0.020143
1,0.021981
1,0.018584
1,0.017583
1,0.016574
1,0.021779
1,0.018526
1,0.017337
1,0.018362
1,0.025603
1,0.024324
1,0.015890
1,0.017284
1,0.017845
1,0.018678
1,0.015929
1,0.022915
1,0.022075
1,0.024177
1,0.020943
1,0.023166
1,0.019920
1,0.016398
1,0.026806
1,0.022885
1,0.023666
1,0.016014
1,0.018242
1,0.029179
1,0.022058
1,0.019617
1,0.022082
1,0.024072
1,0.021976
1,0.023252
1,0.017778
1,0.020564
1,0.018629
1,0.017820
1,0.020197
1,0.018496
1,0.015872
1,0.016119
1,0.018174
1,0.016188
1,0.019889
1,0.021091
1,0.036112
1,0.022643
1,0.019791
1,0.018804
1,0.016560
1,0.018251
1,0.017900
1,0.019892
1,0.019363
1,0.017238
1,0.017631
1,0.018881
1,0.016404
1,0.020287
1,0.020159
1,0.017635
1,0.017775
1,0.017962
1,0.020149
1,0.017642
1,0.018646
1,0.017444
1,0.028258
1,0.021163
1,0.017345
1,0.015715
1,0.018133
1,0.027325
1,0.023952
1,0.020639
1,0.020811
1,0.020313
1,0.019920
1,0.020427
1,0.017802
1,0.017008
1,0.016910
1,0.016847
1,0.024163
1,0.026902
1,0.023869
1,0.028753
1,0.021339
1,0.017379
1,0.017195
1,0.016266
1,0.016952
1,0.018216
1,0.018588
1,0.019621
1,0.018402
1,0.017762
1,0.020310
1,0.021053
1,0.017590
1,0.019993
1,0.022054
1,0.029159
1,0.022457
1,0.021254
1,0.017053
1,0.027967
1,0.020139
